class_id,start,end,lon,lat,size,ip_set
0,2011-08-25,2011-11-29,-86.91414010156998,40.41947053800511,22,"[{'128.210.35.22', '128.46.209.61', '128.46.209.95', '128.46.72.56', '128.210.124.21', '128.46.209.133', '128.211.202.209', '128.46.209.125', '128.46.209.71', '128.46.209.132', '128.46.143.200', '128.46.209.124', '128.211.253.19', '128.46.94.21', '128.211.200.99', '128.46.209.193', '128.46.215.237', '128.211.203.101'}
 {'128.46.209.124', '128.46.72.56', '128.211.200.99', '128.211.202.32', '128.46.215.10', '128.46.209.243'}
 {'128.46.209.124', '128.46.209.241', '128.211.200.99', '128.46.209.134', '128.46.215.10'}
 {'128.46.209.95', '128.46.72.56', '128.46.220.132', '128.46.143.238', '128.211.200.99', '128.46.94.54', '128.46.215.244', '128.211.249.175', '128.46.209.130'}
 {'128.46.16.60', '128.46.72.56', '128.46.143.246', '72.12.199.19', '128.211.254.136', '128.211.249.175', '128.210.124.38', '128.211.200.99', '128.46.94.54', '128.211.202.173', '128.46.215.250'}]"
1,2011-08-28,2011-08-28,-97.8219985961914,37.750999450683594,6,"[{'75.6.217.107', '209.119.66.34', '75.181.157.205', '75.252.101.172', '184.17.119.250', '64.134.172.158'}]"
2,2011-09-03,2011-09-07,77.0,20.0,6,"[{'210.212.160.101', '14.96.209.52', '115.248.130.148'}]"
3,2011-09-06,2011-09-10,-116.24400329589844,43.45989990234375,5,"[{'132.178.187.127', '132.178.2.63', '132.178.2.64', '132.178.187.49'}]"
4,2011-09-15,2011-09-21,-111.9991701494884,33.52391766020065,15,"[{'149.169.253.23', '149.169.113.75', '68.3.29.25', '71.223.57.83', '68.2.210.168', '149.169.122.34', '70.162.121.209', '184.98.100.247', '149.169.235.181', '149.169.151.245', '68.3.43.209', '98.165.91.76', '149.169.127.197', '149.169.239.190', '68.225.194.239', '72.208.219.92'}]"
5,2011-08-22,2011-11-21,-111.9413021977438,33.43141539271355,60,"[{'149.169.143.179', '149.169.251.141', '149.169.180.131', '72.208.219.92', '68.106.241.185', '129.219.247.50'}
 {'70.162.172.100', '149.169.123.176', '184.98.69.58', '68.3.29.25', '149.169.138.200', '149.169.152.108', '149.169.172.47', '72.201.118.35', '149.169.247.182', '149.169.240.187', '68.3.43.209', '149.169.232.220', '68.3.62.50', '70.190.16.6', '149.169.114.229', '24.251.11.108', '68.99.84.205', '68.225.194.239', '72.208.219.92'}
 {'68.225.193.45', '70.162.172.100', '149.169.236.188', '149.169.116.114', '68.3.29.25', '149.169.138.51', '149.169.111.133', '71.209.147.235', '149.169.208.110', '149.169.229.43', '149.169.49.220', '70.162.12.123', '149.169.253.28', '72.201.118.35', '209.147.148.117', '149.169.130.178', '149.169.230.14', '70.190.16.6', '68.99.86.148', '68.231.109.189', '71.223.61.213', '209.116.115.130', '68.99.84.205', '149.169.173.168', '24.251.11.108', '98.165.112.16', '149.169.214.226', '68.225.194.239', '72.208.219.92'}
 {'70.162.172.100', '68.231.109.189', '68.99.84.205', '71.223.52.228', '98.165.112.16', '149.169.110.154', '149.169.211.165', '72.208.219.92'}
 {'149.169.138.101', '68.99.84.205', '71.223.52.228', '98.165.112.16', '70.162.12.123', '68.225.194.239', '149.169.110.154', '72.201.118.35', '149.169.127.112', '149.169.211.165', '68.3.43.209'}
 {'149.169.111.50', '66.224.254.234', '149.169.116.41', '184.98.100.247', '149.169.129.250', '70.176.146.240', '149.169.216.204', '70.176.125.175', '68.106.241.185', '149.169.206.33', '70.190.16.6', '98.165.255.167', '68.99.84.205', '70.176.125.235', '184.98.72.24', '209.147.146.192', '149.169.246.169', '149.169.106.160', '149.169.113.12', '72.201.15.34', '68.225.193.250', '70.162.8.218', '149.169.215.98', '149.169.204.166', '68.3.29.25', '149.169.163.126', '149.169.142.191', '149.169.204.225', '71.223.49.4', '70.162.121.209', '97.124.105.133', '68.3.133.235', '98.177.152.23', '68.3.43.209', '149.169.130.16', '98.165.91.76', '71.223.130.233', '149.169.247.224', '149.169.175.54', '149.169.165.22', '149.169.237.49', '149.169.110.234', '24.251.11.108', '72.208.198.237', '149.169.219.29', '72.208.219.92', '149.169.213.64', '149.169.248.36', '68.225.194.239', '149.169.174.209', '149.169.114.84'}
 {'68.2.208.123', '149.169.175.200', '149.169.153.195', '149.169.125.192', '149.169.111.122', '149.169.240.145', '149.169.125.97', '149.169.250.148', '149.169.111.146', '149.169.215.105', '72.223.127.9', '70.190.16.6', '149.169.127.138', '68.99.86.198', '209.147.146.67', '129.219.58.173', '97.124.78.162', '149.169.212.50', '149.169.250.201', '149.169.145.30', '70.162.8.218', '149.169.238.247', '149.169.206.113', '149.169.163.39', '68.2.210.168', '70.162.121.209', '72.201.192.20', '98.177.152.23', '68.3.43.209', '68.225.194.8', '71.223.58.10', '68.3.232.73', '149.169.180.84', '70.176.115.80', '24.251.11.108', '149.169.230.46', '149.169.216.225', '149.169.131.169', '149.169.129.202', '149.169.138.169', '72.208.219.92'}
 {'149.169.115.139', '70.162.172.100', '149.169.165.191', '68.225.194.107', '68.3.29.25', '72.208.218.98', '149.169.144.77', '149.169.47.207', '70.162.12.123', '72.201.118.35', '209.147.149.227', '24.251.11.108', '71.223.52.228', '98.165.112.16'}
 {'70.162.172.100', '149.169.112.31', '70.176.20.165', '68.3.29.25', '24.56.39.75', '71.209.147.235', '98.177.152.23', '71.223.131.210', '72.201.118.35', '149.169.123.20', '68.3.43.209', '149.169.143.179', '149.169.163.243', '70.190.16.6', '68.231.109.189', '68.99.84.205', '24.251.11.108', '68.225.194.239', '184.98.69.58'}
 {'149.169.132.32', '149.169.223.111', '149.169.122.43', '184.98.69.58', '209.147.186.255', '68.3.43.209', '209.147.186.94', '72.208.219.92', '149.169.134.212', '149.169.210.129'}
 {'70.162.8.218', '149.169.132.32', '70.176.20.165', '149.169.223.111', '149.169.122.43', '149.169.245.38', '68.3.29.25', '184.98.69.58', '149.169.219.180', '98.177.152.23', '68.3.43.209', '149.169.234.224', '71.223.130.233', '70.190.16.6', '149.169.206.75', '209.147.186.94', '68.231.109.189', '68.99.84.205', '24.251.11.108', '149.169.250.200', '70.176.125.235', '149.169.233.46', '72.208.219.92', '149.169.134.212', '149.169.210.129'}
 {'70.162.172.100', '68.3.29.25', '149.169.238.116', '70.162.12.123', '149.169.172.147', '72.201.118.35', '149.169.204.45', '24.251.11.108', '68.99.84.205', '71.223.52.228', '98.165.112.16', '129.219.58.225', '68.225.194.239', '209.147.149.66', '72.208.219.92'}
 {'149.169.246.243', '70.162.172.100', '209.147.143.237', '68.3.29.25', '71.209.147.235', '149.169.172.11', '149.169.246.33', '72.201.118.35', '71.223.131.210', '209.147.158.167', '68.226.29.84', '68.3.43.209', '149.169.123.200', '70.190.16.6', '68.231.109.189', '24.251.11.108', '68.99.84.205', '98.165.112.16'}
 {'70.162.8.218', '149.169.249.233', '174.26.91.226', '70.176.146.240', '70.162.51.213', '149.169.114.59', '71.223.130.233', '68.3.58.98', '149.169.229.170', '70.190.16.6', '70.176.115.160', '149.169.47.205', '72.208.198.237', '24.251.11.108', '68.99.84.205', '70.176.125.235', '149.169.85.53', '149.169.233.46', '149.169.244.169', '72.208.219.92'}
 {'70.176.115.160', '149.169.213.93', '149.169.219.180', '70.176.125.235', '174.26.91.226', '149.169.244.169', '70.162.51.213', '72.201.15.34', '209.147.143.222'}
 {'70.162.172.100', '184.98.69.58', '68.3.29.25', '71.209.147.235', '149.169.172.11', '68.230.66.41', '149.169.246.33', '72.201.118.35', '209.147.158.167', '68.226.29.84', '149.169.131.33', '68.3.43.209', '149.169.123.200', '70.190.16.6', '68.231.109.189', '149.169.130.109', '68.99.84.205', '24.251.11.108', '98.165.112.16', '72.208.219.92', '149.169.221.123', '149.169.111.145'}
 {'149.169.216.84', '184.98.69.58', '68.3.29.25', '149.169.172.47', '72.201.118.35', '149.169.247.182', '149.169.240.187', '68.3.43.209', '68.3.62.50', '70.190.16.6', '68.231.109.189', '149.169.220.26', '149.169.173.239', '149.169.114.229', '24.251.11.108', '68.99.84.205', '98.165.112.16', '149.169.204.144', '209.147.150.153', '68.225.194.239', '72.208.219.92'}]"
6,2011-10-03,2011-10-05,-97.8219985961914,37.750999450683594,7,"[{'66.27.31.223', '67.49.100.140', '173.55.165.85', '74.100.133.192', '66.74.225.4', '166.250.65.99', '71.103.82.126', '166.250.66.191'}]"
7,2011-08-23,2011-12-04,-117.84851265603466,33.88877461172928,18,"[{'76.87.197.224', '108.197.149.118', '99.73.210.81', '137.151.175.24', '137.151.174.16', '137.151.174.128'}
 {'137.151.174.24', '137.151.175.24'}
 {'137.151.174.24', '169.235.18.131', '137.151.175.24'}
 {'76.87.197.224', '108.197.149.118', '108.206.224.59', '99.174.232.130', '137.151.175.24', '75.142.222.31', '137.151.174.176'}
 {'137.151.174.24', '137.151.175.24', '137.151.174.128', '75.142.222.31'}
 {'76.87.197.224', '108.197.149.118', '137.151.174.24', '137.151.175.24', '137.151.174.16'}]"
8,2011-11-04,2011-11-09,18.062478874571795,59.32381484919861,7,"[{'130.237.202.228', '130.229.136.81', '130.229.166.225', '85.228.26.184', '77.218.24.128', '83.250.51.46', '130.229.158.150'}]"
9,2011-11-04,2011-12-07,25.322500228881836,54.68159866333008,14,"[{'83.179.45.244', '83.179.40.189', '83.179.40.15', '83.179.38.56', '83.179.45.160'}
 {'83.179.45.244', '83.179.38.32', '83.179.38.3', '83.179.10.71', '83.179.10.66'}
 {'83.176.227.13', '83.179.40.70', '83.179.38.56', '83.179.45.244', '83.176.227.214', '83.179.40.189', '83.179.40.195', '83.179.45.251'}
 {'83.179.40.70', '83.176.227.202', '83.179.40.121', '83.176.227.100', '83.179.40.189', '83.179.40.195'}]"
10,2011-11-05,2011-11-11,77.0,20.0,18,"[{'115.111.20.34', '115.248.130.148'}]"
11,2011-11-14,2011-11-19,77.0,20.0,19,"[{'210.212.160.101', '121.245.141.101', '14.99.129.207', '115.248.130.148'}]"
12,2011-11-03,2011-12-07,18.018845119125633,59.341949375250586,30,"[{'130.229.155.41', '130.229.175.136', '130.229.183.228', '130.229.144.82', '130.229.181.37', '130.229.175.254', '83.250.51.46', '130.229.172.100', '130.237.214.225'}
 {'130.229.176.172', '130.229.170.123', '130.229.168.253', '130.229.161.224', '213.103.190.204', '83.178.151.157', '83.250.51.46'}
 {'130.229.147.191', '130.237.202.181', '213.103.190.102', '130.237.22.75', '213.103.191.241', '213.185.18.10', '130.229.147.81', '213.101.211.248', '130.229.171.189', '130.229.170.30', '83.250.51.46', '130.237.202.228', '130.229.134.224', '213.67.247.186', '130.237.213.97', '130.229.167.108', '85.24.201.237', '83.191.138.211', '85.227.190.131', '130.229.181.86'}
 {'213.103.190.102', '130.237.202.177', '213.101.211.248', '130.229.167.200', '213.114.153.189', '130.229.128.183', '130.229.148.45', '130.229.162.7', '130.229.128.227', '130.229.130.142', '130.229.137.139', '213.67.247.186', '130.229.183.44', '130.229.136.161', '130.229.130.35', '130.229.179.79', '213.114.156.1'}
 {'130.229.128.233', '213.103.190.102', '213.67.247.186', '213.101.211.248', '130.229.167.200'}
 {'130.229.182.82', '83.185.41.26', '213.114.151.185', '213.103.190.102', '130.229.187.159', '213.101.211.208', '83.191.137.118', '130.229.165.147', '213.101.211.248', '130.229.136.246', '130.237.214.75', '130.229.168.117', '130.229.131.78', '83.191.129.85', '130.229.149.73', '130.237.202.164', '213.114.156.1', '90.132.216.23'}]"
13,2011-10-05,2011-10-10,-118.22546888048909,34.048488126043054,9,"[{'128.125.124.79', '128.125.153.56', '68.181.232.4', '207.151.141.5', '128.125.121.154', '76.171.123.4', '76.79.188.254'}]"
14,2011-10-15,2011-10-19,-118.29877625013653,33.990862397143715,10,"[{'207.151.142.57', '198.147.120.165', '128.125.131.1', '204.140.149.171', '128.125.124.79', '204.140.135.62', '128.125.121.154', '76.171.123.4', '204.140.130.0'}]"
15,2011-11-01,2011-11-18,-85.41155499474709,40.20031202375787,8,"[{'147.226.208.106', '147.226.161.102', '147.226.164.174', '147.226.102.130', '147.226.105.214', '147.226.188.178', '147.226.169.119', '147.226.130.80', '147.226.165.231'}
 {'147.226.129.177', '147.226.203.43', '147.226.165.183', '68.58.91.179', '147.226.105.150', '147.226.104.38', '147.226.161.121'}]"
16,2011-11-27,2011-11-27,15.5,45.16669845581055,5,"[{'161.53.6.212', '161.53.6.208', '161.53.6.209', '161.53.6.221', '161.53.6.207'}]"
17,2011-10-03,2011-12-01,-77.04640197753906,38.900901794433594,9,"[{'128.164.159.80', '161.253.120.94', '128.164.159.81', '128.164.159.79', '128.164.159.72'}
 {'128.164.159.78', '128.164.159.84', '128.164.159.77', '128.164.159.75', '128.164.159.72', '128.164.159.86', '128.164.159.71'}]"
18,2011-12-06,2011-12-09,-97.8219985961914,37.750999450683594,9,"[{'216.99.65.84', '216.99.65.10', '136.141.2.76', '216.99.65.83'}]"
19,2011-10-10,2011-10-21,-79.94592221577963,39.65144220987956,6,"[{'157.182.194.141', '157.182.42.172', '76.125.249.139', '69.161.238.238', '157.182.195.46'}
 {'69.161.242.220', '76.125.249.139', '157.182.42.207', '66.253.234.186', '157.182.195.46', '69.161.238.25'}]"
20,2011-11-10,2011-11-13,67.08170318603516,24.904300689697266,8,"[{'111.68.111.189', '39.48.157.217', '111.68.111.190'}]"
21,2011-09-19,2011-09-19,-86.91470336914062,40.42509841918945,5,"[{'128.46.94.233', '128.46.209.197', '128.46.94.190', '128.46.94.22', '128.46.94.238'}]"
22,2011-10-31,2011-11-03,-117.9430865131917,33.90717979283213,10,"[{'164.67.26.13', '137.151.174.24', '137.151.175.24', '137.151.188.216', '137.151.174.16', '137.151.174.176'}]"
23,2011-10-26,2011-10-30,67.08170318603516,24.904300689697266,7,"[{'111.68.111.189', '111.68.111.190'}
 {'111.68.111.189', '110.38.24.141', '111.68.111.190'}]"
24,2011-11-05,2011-11-25,101.47158286817721,3.211101084415295,55,"[{'175.145.57.49', '118.101.186.128', '175.145.111.106', '203.106.63.95', '60.54.30.41', '60.48.175.68', '203.106.67.249', '110.159.26.245', '203.106.64.165', '175.145.52.17', '60.51.96.140', '175.138.124.66', '175.139.99.228', '60.51.89.254', '203.106.64.171', '60.51.31.240', '175.145.57.14', '124.82.61.74', '203.106.63.161', '110.159.188.156', '175.139.18.167', '60.48.195.239', '175.142.154.190', '110.159.24.187', '60.50.200.190', '175.143.253.204', '175.142.186.168', '60.50.70.127', '60.50.201.181', '175.145.102.153', '60.50.185.170', '203.106.63.251', '175.145.57.7', '175.139.21.191', '60.50.180.212', '175.145.90.252', '60.51.90.171', '175.142.191.22', '110.159.188.28', '175.143.254.93', '175.136.92.234', '60.48.74.190', '203.106.63.124', '60.54.30.91', '175.144.201.107', '175.139.16.252', '203.106.64.251', '175.145.57.19', '115.134.57.176', '175.137.19.120', '175.136.94.133', '60.50.193.161', '175.139.97.142', '175.144.168.97', '60.48.171.189', '175.145.57.53', '175.145.117.74', '175.142.188.110', '60.50.188.177', '175.139.21.105', '203.106.65.126', '175.145.52.14'}]"
25,2011-11-12,2011-11-15,100.59687218698514,4.925516532716297,8,"[{'218.111.3.82', '218.111.3.220', '218.111.3.224', '218.111.3.18', '218.111.3.61', '115.132.46.26', '218.111.3.10'}]"
26,2011-09-24,2011-09-25,-85.60157012939453,38.19324938456217,6,"[{'136.165.214.111', '136.165.45.218', '136.165.207.35', '136.165.49.237', '136.165.193.163', '74.241.53.213'}]"
27,2011-10-07,2011-10-19,103.81833528139877,1.3591219847237568,46,"[{'116.88.248.60', '155.69.211.37', '220.255.2.172', '58.182.26.97', '222.165.93.72', '116.12.240.162', '155.69.200.255', '155.69.228.43', '155.69.199.104', '116.15.129.126', '155.69.178.60'}
 {'116.88.248.60', '116.15.151.112', '155.69.228.199', '58.182.26.97', '155.69.201.147', '155.69.210.224', '155.69.203.43', '155.69.206.255', '155.69.42.88', '155.69.199.104', '155.69.198.44', '155.69.202.151', '155.69.15.231', '218.186.77.236', '155.69.2.10', '116.88.229.113', '155.69.226.140', '219.74.229.8', '155.69.203.221', '222.165.113.198', '155.69.211.79', '116.15.98.126', '155.69.200.255', '171.207.238.22', '115.66.68.145', '155.69.211.113', '218.186.8.236', '219.75.55.112', '155.69.196.9', '203.126.18.114', '116.12.240.162', '121.7.237.37', '155.69.128.143', '155.69.210.61', '58.182.133.65', '155.69.228.43', '116.15.163.57', '112.199.143.160', '155.69.2.11', '155.69.211.29', '202.156.114.109', '155.69.201.124', '155.69.202.180', '155.69.205.144', '155.69.202.166', '175.156.155.186', '155.69.210.172'}]"
28,2011-10-15,2011-12-07,-85.67739744137495,38.23592065273187,8,"[{'74.138.213.185', '136.165.209.209', '136.165.48.41', '136.165.55.249', '74.130.88.27'}
 {'136.165.195.138', '136.165.45.219', '136.165.48.41', '74.178.157.240', '136.165.209.221', '136.165.49.237', '136.165.199.172', '74.130.88.27'}]"
29,2011-10-13,2011-12-16,-89.2156982421875,37.72019958496094,13,"[{'131.230.194.98', '131.230.194.93', '131.230.194.95', '131.230.194.101', '131.230.194.102', '131.230.194.86', '131.230.194.97'}
 {'131.230.194.95', '131.230.194.94', '131.230.194.101', '131.230.106.81', '131.230.194.102', '131.230.194.97'}
 {'131.230.194.95', '131.230.74.159', '131.230.194.94', '131.230.208.83', '131.230.194.86'}
 {'131.230.194.93', '131.230.194.95', '131.230.194.94', '131.230.194.101', '131.230.194.102', '131.230.194.86', '131.230.194.97'}
 {'131.230.106.102', '131.230.141.171', '131.230.194.95', '131.230.194.113', '131.230.141.77', '131.230.193.152', '131.230.194.86', '131.230.193.156', '131.230.191.112', '131.230.194.101', '131.230.141.120', '131.230.106.156'}
 {'131.230.194.98', '131.230.194.118', '131.230.75.126', '131.230.194.101', '131.230.106.81'}]"
30,2011-10-09,2011-10-29,-74.062214222775,4.65029498461939,36,"[{'157.253.251.232', '157.253.235.98', '157.253.208.46', '186.84.178.80', '190.25.195.73', '157.253.235.51', '186.29.50.52', '200.119.33.102', '186.80.134.5', '190.158.136.72', '186.30.181.126', '157.253.192.40', '157.253.211.86', '190.27.180.154', '157.253.197.28', '157.253.235.87', '157.253.235.96', '157.253.235.90', '190.25.66.151', '157.253.214.30', '200.106.221.190', '201.244.175.68', '157.253.186.45', '190.156.158.241', '190.146.131.241', '157.253.235.13', '157.253.224.66', '157.253.182.83', '190.25.81.226', '201.245.239.16', '157.253.57.38', '190.27.65.230', '186.80.44.11', '186.84.23.123', '157.253.192.50', '157.253.220.44', '157.253.208.34', '186.31.124.62', '157.253.214.28', '157.253.235.72', '157.253.192.37', '157.253.139.189', '157.253.132.125', '200.118.146.203', '186.28.47.252', '157.253.197.129', '157.253.220.23'}
 {'157.253.197.96', '190.25.106.16', '186.30.62.12', '157.253.134.72', '200.106.220.218', '157.253.134.64', '190.25.98.76', '157.253.208.37', '157.253.186.50', '186.84.23.123', '186.29.181.29', '157.253.197.66', '190.24.101.139', '157.253.197.9', '157.253.192.35', '186.31.134.236', '157.253.197.75', '157.253.208.84', '186.29.254.121', '186.31.188.152', '186.28.74.124', '190.27.178.85', '157.253.197.73', '200.118.146.203', '157.253.235.20', '157.253.168.141', '157.253.186.92', '190.157.197.235'}]"
31,2011-12-10,2011-12-11,-111.97374979654948,33.445221201578775,8,"[{'70.162.51.213', '149.169.221.169', '72.208.198.237', '149.169.249.156', '149.169.208.2', '149.169.134.175', '209.147.145.202', '149.169.239.216'}]"
32,2011-07-18,2011-07-28,-87.69131571616208,42.06081009321065,37,"[{'129.105.52.56', '129.105.116.41', '129.105.52.182', '129.105.52.218', '129.105.116.168', '129.105.52.240', '129.105.52.29', '129.105.52.161', '129.105.116.235', '98.213.50.238', '129.105.116.237', '129.105.52.129', '165.124.199.187', '129.105.104.211', '24.14.39.89', '129.105.52.204', '129.105.116.18', '129.105.116.205', '108.193.36.6', '129.105.52.124', '129.105.116.150', '129.105.52.46', '129.105.116.192', '98.220.235.52'}
 {'129.105.116.90', '129.105.52.145', '129.105.116.92', '129.105.52.218', '129.105.116.168', '129.105.116.237', '129.105.52.129', '98.212.48.194', '129.105.52.71', '129.105.52.177', '129.105.116.18', '129.105.116.192', '98.206.143.146', '108.71.132.221', '129.105.116.41', '129.105.116.212', '129.105.52.240', '129.105.116.196', '129.105.52.29', '199.74.82.84', '129.105.52.161', '129.105.116.235', '98.213.50.238', '165.124.136.176', '207.181.205.26', '129.105.116.180', '129.105.116.205', '129.105.52.190', '129.105.52.124'}]"
33,2011-10-16,2011-11-06,-87.68437720571126,42.05872208265706,226,"[{'129.105.52.28', '165.124.128.255', '165.124.199.195', '165.124.98.247', '165.124.214.10', '165.124.205.243', '165.124.211.132', '129.105.109.156', '165.124.145.203', '165.124.198.181', '165.124.214.232', '165.124.217.87', '165.124.211.49', '129.105.121.233', '165.124.210.44', '165.124.215.211', '199.74.69.147', '129.105.98.106', '165.124.212.36', '165.124.217.24', '165.124.249.158', '165.124.199.10', '199.74.79.86', '165.124.116.223', '165.124.136.214', '165.124.145.179', '129.105.14.100', '165.124.138.16', '165.124.218.194', '129.105.116.159', '165.124.142.120', '165.124.141.155', '165.124.98.217', '165.124.137.147', '24.13.80.239', '165.124.214.201', '165.124.212.14', '165.124.141.197', '165.124.210.91', '129.105.52.22', '165.124.138.79', '165.124.141.146', '165.124.141.218', '129.105.104.234', '165.124.213.162', '129.105.52.71', '165.124.143.34', '165.124.216.233', '165.124.248.239', '165.124.128.31', '165.124.214.26', '165.124.248.19', '165.124.218.178', '165.124.216.241', '165.124.141.42', '165.124.210.25', '165.124.142.109', '129.105.116.122', '165.124.144.157', '129.105.52.225', '165.124.136.9', '165.124.199.132', '165.124.136.66', '129.105.52.206', '199.74.76.210', '165.124.205.52', '199.74.70.140', '165.124.241.222', '165.124.208.140', '165.124.99.247', '165.124.210.7', '165.124.216.56', '165.124.144.212', '129.105.98.41', '165.124.211.50', '165.124.214.50', '129.105.116.50', '165.124.209.100', '129.105.52.85', '165.124.199.124', '165.124.214.155', '129.105.116.168', '165.124.144.110', '165.124.128.105', '165.124.139.74', '129.105.52.219', '165.124.248.68', '165.124.212.144', '165.124.144.245', '165.124.140.188', '165.124.85.65', '165.124.143.47', '129.105.121.254', '165.124.136.167', '165.124.199.24', '165.124.96.244', '165.124.143.182', '165.124.208.84', '199.74.81.240', '165.124.143.42', '165.124.141.20', '165.124.217.220', '129.105.52.239', '165.124.139.104', '165.124.128.194', '199.74.79.229', '165.124.142.156', '99.132.230.27', '165.124.97.218', '165.124.217.46', '165.124.204.181', '165.124.219.234', '165.124.141.172', '165.124.138.189', '199.74.86.73', '165.124.98.122', '165.124.219.142', '165.124.99.165', '165.124.199.157', '129.105.116.165', '99.99.168.239', '165.124.208.148', '165.124.140.242', '165.124.198.185', '129.105.52.129', '165.124.211.86', '165.124.145.24', '165.124.208.179', '165.124.129.210', '165.124.214.136', '165.124.137.26', '199.74.96.235', '165.124.129.114', '165.124.144.177', '199.74.71.70', '165.124.205.140', '165.124.129.160', '165.124.218.221', '129.105.116.44', '165.124.240.77', '165.124.198.227', '165.124.248.147', '165.124.144.190', '165.124.214.59', '165.124.212.65', '165.124.144.8', '165.124.214.95', '199.74.89.253', '165.124.212.49', '165.124.142.151', '165.124.213.222'}
 {'165.124.212.89', '165.124.140.85', '199.74.71.62', '165.124.216.22', '165.124.96.252', '165.124.219.69', '165.124.205.230', '165.124.211.247', '165.124.218.214', '165.124.199.181', '165.124.219.231', '165.124.216.129', '165.124.142.95', '165.124.198.114', '165.124.215.55', '165.124.144.118', '165.124.248.67', '165.124.218.110', '165.124.128.249', '165.124.98.113', '165.124.212.231', '165.124.137.38', '165.124.208.185', '199.74.89.63', '129.105.121.233', '165.124.129.223', '199.74.78.158', '199.74.69.147', '165.124.248.157', '165.124.209.38', '165.124.198.151', '165.124.136.15', '129.105.116.235', '165.124.143.177', '129.105.52.136', '165.124.199.247', '165.124.210.6', '129.105.116.159', '165.124.198.215', '165.124.198.238', '165.124.96.101', '165.124.213.9', '165.124.204.102', '165.124.218.240', '129.105.52.183', '165.124.204.164', '165.124.144.192', '165.124.213.181', '129.105.52.22', '165.124.209.89', '165.124.138.93', '129.105.104.234', '165.124.137.106', '165.124.205.31', '165.124.98.133', '129.105.116.251', '165.124.140.29', '165.124.199.184', '165.124.205.36', '165.124.96.200', '129.105.116.19', '129.105.52.197', '165.124.99.93', '165.124.205.30', '165.124.128.247', '165.124.210.189', '129.105.121.175', '129.105.116.122', '165.124.212.255', '129.105.52.225', '165.124.137.70', '129.105.52.206', '165.124.214.12', '165.124.128.110', '165.124.204.189', '199.74.70.140', '165.124.199.65', '165.124.140.84', '108.84.165.221', '129.105.116.207', '129.105.116.149', '165.124.144.92', '165.124.211.62', '129.105.98.41', '165.124.99.115', '165.124.98.149', '165.124.205.130', '165.124.97.82', '165.124.96.172', '165.124.219.188', '165.124.140.9', '165.124.198.173', '165.124.99.184', '165.124.96.11', '199.74.71.89', '165.124.199.44', '165.124.249.20', '165.124.99.0', '129.105.104.134', '165.124.215.56', '165.124.249.184', '165.124.144.242', '165.124.249.179', '165.124.204.192', '165.124.214.7', '165.124.248.109', '165.124.142.53', '165.124.99.251', '165.124.209.94', '165.124.144.201', '165.124.137.131', '165.124.249.200', '165.124.205.238', '165.124.240.72', '165.124.142.190', '165.124.210.200', '165.124.145.86', '165.124.128.48', '165.124.219.213', '129.105.249.182', '165.124.205.252', '165.124.98.173', '199.74.103.120', '165.124.136.152', '165.124.199.84', '165.124.205.80', '165.124.99.16', '165.124.215.208', '165.124.241.172', '199.74.103.76', '165.124.248.108', '165.124.128.225', '165.124.198.216', '199.74.69.145', '165.124.216.229', '165.124.214.68', '165.124.208.156', '165.124.212.202', '165.124.208.70', '199.74.89.166', '165.124.143.87', '99.99.168.239', '165.124.219.175', '129.105.52.129', '165.124.217.162', '165.124.99.147', '165.124.129.114', '165.124.128.139', '129.105.116.129', '165.124.198.56', '165.124.145.247', '165.124.209.227', '165.124.215.6', '165.124.137.164', '165.124.208.216', '165.124.204.212', '165.124.215.213', '165.124.97.24', '165.124.212.113', '165.124.136.140', '165.124.240.221', '129.105.116.205', '199.74.71.184', '165.124.214.55', '165.124.138.94', '129.105.52.124', '165.124.211.195', '165.124.137.152', '165.124.96.238', '165.124.98.172', '165.124.218.212'}
 {'165.124.98.105', '24.14.163.125', '165.124.129.43', '165.124.212.155', '199.74.71.62', '165.124.214.224', '165.124.217.108', '165.124.97.165', '165.124.97.15', '165.124.211.18', '165.124.205.243', '165.124.215.55', '165.124.136.29', '165.124.248.71', '129.105.83.141', '165.124.145.237', '199.74.89.63', '129.105.83.188', '165.124.210.194', '165.124.213.195', '165.124.97.77', '199.74.69.147', '165.124.99.113', '165.124.136.190', '165.124.249.114', '165.124.128.24', '165.124.143.120', '165.124.99.61', '129.105.116.235', '165.124.209.214', '129.105.52.136', '165.124.209.231', '199.74.87.38', '165.124.142.20', '165.124.198.184', '98.206.234.26', '165.124.209.198', '199.74.75.24', '165.124.129.158', '24.148.41.18', '129.105.116.251', '165.124.137.160', '165.124.143.100', '165.124.198.127', '165.124.199.136', '165.124.140.139', '165.124.99.195', '165.124.144.185', '165.124.208.167', '129.105.116.144', '165.124.142.82', '165.124.204.218', '129.105.52.225', '199.74.103.18', '165.124.210.132', '129.105.52.206', '199.74.76.210', '165.124.212.80', '165.124.205.15', '129.105.116.207', '129.105.104.109', '165.124.209.52', '129.105.52.231', '165.124.205.227', '165.124.204.127', '165.124.137.65', '165.124.139.155', '165.124.249.18', '165.124.136.109', '165.124.208.32', '165.124.137.16', '165.124.113.122', '165.124.249.117', '165.124.205.81', '165.124.141.98', '165.124.249.43', '165.124.144.165', '165.124.208.251', '165.124.214.7', '129.105.121.254', '165.124.248.15', '165.124.209.187', '165.124.204.132', '165.124.144.28', '165.124.97.126', '165.124.141.239', '199.74.94.170', '165.124.209.42', '165.124.211.102', '165.124.136.180', '165.124.216.232', '165.124.96.87', '165.124.128.122', '165.124.210.200', '165.124.143.165', '165.124.216.188', '199.74.103.120', '165.124.217.167', '165.124.216.218', '165.124.142.250', '165.124.141.147', '199.74.78.94', '165.124.219.139', '165.124.198.81', '165.124.136.50', '165.124.205.40', '165.124.208.40', '165.124.199.183', '165.124.129.98', '165.124.215.29', '199.74.96.235', '165.124.142.198', '165.124.137.58', '165.124.241.102', '199.74.103.102', '165.124.249.65', '165.124.213.149', '165.124.212.34', '165.124.129.64', '165.124.142.32', '165.124.204.46', '165.124.136.239', '165.124.219.22', '165.124.143.7', '165.124.210.47', '165.124.204.227', '165.124.213.28', '165.124.213.197', '129.105.162.49', '129.105.116.205', '165.124.145.57', '129.105.52.124', '165.124.208.108', '165.124.98.250', '165.124.218.172', '165.124.129.213', '165.124.205.171', '165.124.205.96', '165.124.219.6', '165.124.249.154', '165.124.199.152', '165.124.212.238', '165.124.212.111', '165.124.129.188', '165.124.205.4', '165.124.209.71', '165.124.218.140', '165.124.128.14', '129.105.10.113', '165.124.211.70', '165.124.205.176', '129.105.91.24', '165.124.219.106', '165.124.97.190', '165.124.249.46', '199.74.78.158', '165.124.204.120', '165.124.215.100', '165.124.145.244', '165.124.212.72', '129.105.116.41', '165.124.248.74', '165.124.211.227', '165.124.241.152', '108.208.100.110', '129.105.121.227', '165.124.218.176', '165.124.145.179', '129.105.116.159', '165.124.98.96', '165.124.199.43', '165.124.213.239', '129.105.104.217', '165.124.213.254', '165.124.241.15', '165.124.215.23', '165.124.141.62', '165.124.213.5', '165.124.198.58', '165.124.204.175', '165.124.199.182', '199.74.69.140', '165.124.137.169', '165.124.205.121', '165.124.218.189', '165.124.248.232', '129.105.116.19', '165.124.216.204', '165.124.198.150', '129.105.121.175', '165.124.97.143', '165.124.96.220', '165.124.128.142', '165.124.99.232', '165.124.128.26', '199.74.103.110', '165.124.144.23', '165.124.241.141', '129.105.121.251', '165.124.139.184', '165.124.249.108', '165.124.98.187', '165.124.144.29', '129.105.104.171', '165.124.145.45', '165.124.98.129', '165.124.87.11', '165.124.128.97', '165.124.205.118', '165.124.136.251', '165.124.136.223', '165.124.248.150', '165.124.199.79', '165.124.97.196', '165.124.249.20', '165.124.145.36', '165.124.198.241', '165.124.215.112', '165.124.204.17', '165.124.99.46', '165.124.249.205', '165.124.211.84', '129.105.83.155', '165.124.199.235', '165.124.216.9', '165.124.199.6', '165.124.136.211', '165.124.97.249', '165.124.219.74', '199.74.95.163', '165.124.219.26', '165.124.211.114', '129.105.116.169', '129.105.104.163', '165.124.142.214', '165.124.137.189', '165.124.99.188', '165.124.128.169', '129.105.83.189', '165.124.198.252', '99.132.230.27', '129.105.59.141', '165.124.214.237', '165.124.213.148', '165.124.99.17', '165.124.212.157', '98.213.219.234', '165.124.143.77', '165.124.241.143', '165.124.99.23', '165.124.205.202', '199.74.103.224', '165.124.215.47', '165.124.217.4', '165.124.144.142', '165.124.141.237', '165.124.128.148', '165.124.199.253', '165.124.210.167', '98.220.236.223', '165.124.143.214', '165.124.204.138', '165.124.97.24', '165.124.98.65', '165.124.248.241', '199.74.78.53', '165.124.199.54', '165.124.219.151', '165.124.219.233', '165.124.129.141', '165.124.137.5'}]"
34,2011-09-11,2011-12-19,-97.8219985961914,37.750999450683594,29,"[{'18.111.40.194', '18.111.31.105', '18.111.13.129', '18.111.16.86', '18.111.66.210', '18.111.7.130', '18.111.84.63', '18.111.24.138', '18.111.30.43', '18.111.7.212', '18.111.51.51', '18.111.5.120', '18.111.59.106'}
 {'18.95.5.74', '18.111.43.19', '18.63.6.233', '18.111.7.130', '18.125.6.249', '18.58.4.26'}
 {'18.111.79.230', '18.111.72.229', '18.111.59.53', '18.111.54.189', '18.111.54.31', '18.111.80.16', '18.58.3.99', '18.111.67.216', '18.111.59.87', '18.111.67.152', '18.111.89.145', '18.111.95.239', '18.111.84.63', '18.111.90.87', '18.111.82.224', '18.111.89.18', '18.111.83.99', '18.111.92.69', '18.111.69.45', '18.111.57.94'}
 {'18.111.84.184', '18.33.5.237', '18.95.5.95', '18.111.96.133', '18.111.21.190', '18.111.4.151', '18.58.4.25', '18.111.7.135', '18.111.36.38', '18.125.5.76', '18.58.6.113', '18.63.6.234', '18.111.31.111', '18.111.23.73', '18.58.4.26'}
 {'18.111.31.141', '18.111.20.28', '18.111.31.223', '18.111.12.169', '18.111.30.63', '18.111.7.152', '18.111.2.224', '18.111.18.107', '18.111.23.84', '18.111.25.235', '18.111.31.106', '18.111.8.194', '18.111.20.181', '18.111.11.39', '18.111.18.203', '18.111.30.43', '18.111.16.229', '18.111.28.220', '18.111.7.70'}
 {'18.95.6.240', '18.53.6.187', '18.111.22.134', '18.111.28.99', '18.111.21.175', '18.58.4.25', '18.63.5.125', '18.111.84.177', '18.58.4.27', '18.100.16.70', '18.58.6.113', '18.111.68.39', '18.111.44.191'}
 {'18.111.40.194', '18.111.31.105', '18.111.13.129', '18.111.12.182', '18.111.66.210', '18.111.7.130', '18.111.84.63', '18.111.24.138', '18.111.7.212', '18.111.51.51'}
 {'18.58.5.178', '18.53.6.187', '18.111.16.235', '18.111.87.169', '18.111.100.222', '18.111.24.180', '18.63.6.233', '18.95.6.137', '18.111.7.130', '18.125.6.249', '18.58.4.25', '18.58.6.5', '18.111.13.64', '18.58.4.43', '18.111.100.62', '18.97.6.214', '18.63.6.234', '18.33.0.105', '18.111.99.208', '18.111.118.222', '18.111.74.110'}
 {'18.58.5.178', '18.111.31.141', '18.111.20.28', '18.111.31.223', '18.111.12.169', '18.111.30.63', '18.111.7.152', '18.111.2.224', '18.111.18.107', '18.111.23.84', '18.111.25.235', '18.111.31.106', '18.111.8.194', '18.111.20.181', '18.111.11.39', '18.111.18.203', '18.111.30.43', '18.111.16.229', '18.111.7.70'}
 {'18.125.7.190', '18.63.6.234', '18.111.97.106', '18.111.28.99', '18.111.21.175', '18.111.19.46', '18.111.85.189', '18.111.109.125', '18.111.99.180', '18.111.117.48'}
 {'18.111.28.99', '18.111.25.132', '18.111.23.244', '18.111.12.158', '18.111.26.32', '18.111.28.91', '18.111.28.116', '18.111.18.203', '18.111.13.110', '18.111.2.169', '18.111.28.220'}
 {'18.111.28.91', '18.111.18.203', '18.111.28.116', '18.111.28.99', '18.111.13.110'}
 {'18.95.6.5', '18.111.34.145', '18.111.7.130', '18.125.6.249', '18.58.4.25', '18.111.118.140', '18.111.17.182', '18.58.4.27', '18.111.53.66', '18.111.19.180', '18.111.119.78', '18.111.41.32', '18.111.85.18'}]"
35,2011-08-25,2011-12-03,-88.20904973120196,40.10448232029561,167,"[{'216.171.14.25', '192.17.104.221', '192.17.107.119', '192.17.193.59', '130.126.24.144', '192.17.103.200', '130.126.216.48', '192.17.145.237', '76.191.27.250', '192.17.102.30', '130.126.215.214', '76.191.24.21', '130.126.24.134', '128.174.114.2', '128.174.190.145', '192.17.144.53', '130.126.28.77', '130.126.28.3', '130.126.29.220', '98.228.50.209', '66.253.231.66', '192.17.197.99', '216.171.17.35', '192.17.109.161', '130.126.29.228', '128.174.229.186', '192.17.98.184', '192.17.182.184', '130.126.28.70', '128.174.114.182', '192.17.145.160', '128.174.161.208', '192.17.196.124', '130.126.28.60', '192.17.106.110', '130.126.27.165', '192.17.110.127', '192.17.105.83', '130.126.26.164', '130.126.27.171', '98.253.59.35', '128.174.114.3', '192.17.105.99', '130.126.28.76', '192.17.196.43', '192.17.179.169', '128.174.114.10', '130.126.29.215', '130.126.217.108', '108.199.240.25', '130.126.130.118', '98.228.59.107', '173.230.13.248', '99.47.197.63', '192.17.102.46', '192.17.136.44', '130.126.28.69', '216.171.8.206', '130.126.28.7', '130.126.24.165', '130.126.28.42', '130.126.73.109', '130.126.28.68', '130.126.28.44', '130.126.24.141', '192.17.96.143', '130.126.28.72', '130.126.27.194', '76.191.16.14', '192.17.103.170', '192.17.183.108', '76.191.26.112', '76.191.28.148', '192.17.207.18', '130.126.223.16', '76.191.27.135', '130.126.28.18', '128.174.114.177', '192.17.11.20', '76.191.27.249', '192.17.102.58', '192.17.99.203', '216.171.16.179', '130.126.29.254', '192.17.230.178', '130.126.27.193', '192.17.111.75', '192.17.119.198', '192.17.116.5', '99.47.199.16', '130.126.29.204', '192.17.199.155', '216.171.13.198', '130.126.27.152', '192.17.96.109', '216.171.15.134', '130.126.28.50', '192.17.204.245', '192.17.107.15', '130.126.28.62', '192.17.104.104', '130.126.28.75', '192.17.206.88', '98.212.146.207', '130.126.28.65', '130.126.28.46', '130.126.28.48', '192.17.102.171', '130.126.29.203', '128.174.44.44', '130.126.76.208', '128.174.114.12', '130.126.28.19', '192.17.107.75', '192.17.203.115', '130.126.24.140', '98.212.134.208', '192.17.137.12', '108.199.240.59', '192.17.115.161', '108.199.240.153', '130.126.27.204', '130.126.24.170', '130.126.28.2', '192.17.98.59', '192.17.198.195', '128.174.162.227', '128.174.114.17', '192.17.193.207'}
 {'130.126.28.49', '192.17.108.235', '192.17.115.224', '130.126.27.169', '192.17.111.229', '108.199.240.24', '130.126.27.147', '192.17.144.83', '192.17.103.162', '192.17.127.248', '130.126.215.214', '128.174.114.2', '192.17.97.190', '192.17.125.177', '98.228.50.209', '66.253.231.66', '192.17.124.230', '192.17.110.179', '192.17.11.83', '128.174.229.186', '192.17.180.253', '130.126.77.245', '128.174.114.8', '128.174.229.185', '192.17.145.160', '128.174.229.187', '98.228.54.67', '216.171.13.110', '192.17.161.221', '130.126.29.198', '130.126.28.34', '99.20.143.125', '192.17.98.252', '98.253.59.35', '192.17.228.171', '128.174.229.195', '128.174.114.10', '130.126.29.215', '192.17.101.8', '108.199.240.25', '128.174.114.9', '130.126.27.202', '98.228.59.107', '128.174.114.176', '192.17.108.180', '130.126.70.78', '216.171.12.156', '192.17.111.126', '130.126.73.109', '130.126.218.135', '130.126.28.72', '192.17.194.14', '128.174.229.196', '130.126.28.63', '130.126.63.37', '130.126.27.175', '130.126.24.132', '192.17.101.141', '130.126.28.54', '128.174.229.182', '130.126.27.159', '130.126.219.58', '192.17.121.11', '76.191.28.148', '192.17.117.247', '192.17.107.110', '216.171.16.179', '192.17.101.221', '192.17.97.238', '128.174.114.5', '130.126.29.216', '130.126.28.74', '76.191.27.164', '130.126.27.146', '216.171.9.151', '99.47.198.21', '130.126.29.227', '130.126.39.170', '192.17.11.2', '192.17.144.84', '130.126.28.62', '128.174.161.67', '130.126.28.75', '128.174.114.7', '130.126.28.65', '192.17.102.94', '76.191.26.44', '128.174.114.12', '192.17.107.147', '130.126.27.186', '130.126.27.210', '192.17.105.206', '130.126.28.73', '173.230.16.58', '192.17.202.191', '192.17.108.222', '192.17.113.56', '98.212.134.208', '130.126.223.12', '128.174.114.54', '192.17.117.26', '98.212.132.241', '192.17.179.114', '192.17.110.190', '192.17.110.90', '99.47.199.54', '192.17.202.177', '192.17.202.76', '130.126.24.157', '130.126.28.55', '130.126.28.33', '130.126.27.126', '130.126.27.134', '128.174.114.6'}
 {'192.17.11.39', '216.171.14.25', '192.17.144.122', '76.191.26.66', '192.17.112.107', '108.199.240.24', '128.174.229.192', '192.17.193.173', '192.17.145.29', '130.126.27.36', '99.4.166.187', '130.126.24.185', '216.171.17.139', '130.126.215.214', '130.126.29.231', '128.174.114.2', '130.126.27.150', '216.171.16.179', '128.174.114.20', '192.17.111.114', '130.126.27.133', '192.17.97.238', '130.126.29.254', '216.171.15.234', '66.253.231.66', '192.17.100.244', '130.126.28.37', '216.171.9.151', '128.174.229.186', '192.17.166.49', '130.126.28.51', '192.17.104.52', '128.174.114.8', '192.17.106.203', '128.174.229.187', '216.171.13.110', '192.17.106.205', '128.174.114.7', '192.17.195.140', '192.17.11.22', '130.126.28.48', '216.171.5.74', '216.171.13.5', '192.17.99.173', '130.126.24.187', '128.174.114.12', '130.126.28.38', '130.126.28.41', '98.253.59.35', '128.174.191.79', '192.17.102.190', '128.174.229.181', '76.191.16.8', '130.126.24.150', '192.17.120.103', '128.174.114.176', '130.126.77.63', '130.126.27.37', '128.174.114.0', '192.17.100.114', '99.47.199.54', '216.171.15.91', '130.126.107.57', '128.174.229.193', '130.126.71.113', '192.17.177.161', '130.126.27.134', '128.174.114.13', '130.126.218.135', '128.174.114.6', '130.126.28.72'}]"
36,2011-08-25,2011-12-03,-97.8219985961914,37.750999450683594,47,"[{'50.129.92.154', '76.199.11.204', '64.198.245.3', '63.252.64.254', '50.129.92.76', '50.129.134.177', '50.129.134.109', '128.115.27.11', '50.129.92.133', '50.129.134.165', '64.198.245.30', '50.129.92.44', '76.199.9.53', '97.117.168.4', '24.104.12.86', '97.117.254.87', '76.227.77.14', '65.49.14.54', '50.129.134.62', '209.254.131.134'}
 {'50.129.92.214', '50.129.134.148', '63.252.64.254', '50.129.134.122', '50.129.135.2', '50.129.28.156', '70.225.176.111', '24.104.13.93', '76.227.76.40', '50.129.28.178', '50.129.134.165', '64.198.245.30', '50.129.92.44', '70.225.174.8', '50.129.134.74', '24.104.13.124', '50.129.92.239', '50.129.134.124', '50.129.92.53', '50.129.134.62', '209.254.131.134'}
 {'76.199.10.7', '50.129.92.214', '96.18.96.227', '50.129.92.165', '64.198.245.3', '63.252.64.254', '130.65.179.170', '24.104.13.201', '50.129.135.3', '50.129.134.165', '64.198.245.30', '50.129.92.44', '70.225.174.8', '50.129.134.151', '50.129.134.11', '50.129.92.239', '50.129.134.62', '209.254.131.134', '70.225.174.15'}]"
37,2011-08-26,2011-12-03,-87.8006839309444,41.95817244614965,77,"[{'24.15.221.163', '67.176.253.11', '98.222.48.25', '98.212.200.170', '24.12.201.58', '24.12.201.135', '67.176.252.42', '67.176.252.10', '67.176.253.150', '75.145.153.237', '98.223.165.217', '67.176.252.101', '75.145.157.137', '24.14.60.209', '24.15.221.105', '98.222.54.117', '67.176.252.36', '67.176.253.254', '24.15.29.172', '24.15.221.40', '24.13.132.223', '24.15.221.210', '24.14.61.83', '24.13.132.188', '24.15.29.56', '24.13.132.121', '98.212.204.242', '67.176.252.194', '24.12.201.110', '24.12.200.16', '24.15.29.139', '24.15.29.53', '24.13.133.247', '24.14.61.158', '24.14.60.72', '98.212.196.167', '75.146.99.194', '98.212.204.124', '67.176.252.117', '24.14.61.127'}
 {'67.176.252.68', '24.15.221.163', '24.13.133.175', '24.14.60.180', '67.176.252.212', '67.176.253.11', '98.222.48.25', '98.212.200.170', '24.12.201.58', '67.162.56.60', '24.15.28.171', '67.176.253.234', '67.176.253.150', '24.14.61.119', '75.145.153.237', '24.13.132.62', '67.176.252.15', '67.176.252.101', '75.145.157.137', '24.15.221.120', '67.176.252.36', '67.176.253.254', '24.15.29.172', '67.176.253.143', '24.12.201.159', '24.13.133.57', '24.15.28.134', '24.13.132.223', '67.176.253.183', '24.15.28.127', '67.176.253.75', '98.212.193.4', '24.15.28.30', '75.26.236.34', '24.13.133.160', '24.13.133.220', '67.176.252.194', '24.12.201.110', '24.12.200.16', '24.14.61.158', '24.14.60.72', '98.212.196.167', '24.15.221.222', '24.12.200.13', '24.14.60.186', '24.15.28.200', '67.176.252.117', '24.14.61.127', '24.13.132.194', '24.15.28.253', '173.161.119.78'}
 {'67.176.252.212', '67.176.253.11', '67.176.253.23', '24.12.201.135', '67.176.253.234', '24.14.61.119', '75.145.153.237', '75.145.157.137', '67.176.252.36', '67.176.253.143', '24.12.201.159', '24.13.133.57', '24.13.132.223', '67.176.253.183', '67.176.253.80', '67.176.253.75', '98.212.193.4', '24.13.133.160', '24.12.200.16', '24.14.61.117', '24.12.200.13', '67.176.253.32', '24.14.60.78', '24.13.132.183', '67.176.252.117', '24.14.61.127'}]"
38,2011-09-02,2011-09-02,-111.90580240885417,33.39341735839844,6,"[{'149.169.175.90', '149.169.125.192', '149.169.129.202', '72.201.192.20', '149.169.111.146', '97.124.78.162'}]"
39,2011-12-17,2011-12-20,68.25830078125,25.341699600219727,10,[{'121.52.154.129'}]
40,2011-10-11,2011-10-15,-87.6781997680664,44.09859848022461,7,"[{'24.7.199.103', '24.7.199.84', '24.7.198.36', '24.7.199.65', '24.7.198.127', '24.7.198.191'}]"
41,2011-11-01,2011-11-01,-88.2061996459961,40.104698181152344,6,"[{'130.126.76.31', '130.126.28.66', '216.171.15.134', '130.126.27.142', '192.17.97.67', '192.17.100.22'}]"
42,2011-07-17,2011-07-30,-83.7061433392498,42.306599546291324,35,"[{'67.194.15.196', '67.194.4.107', '67.194.0.206', '67.194.7.41', '67.194.4.138', '67.194.71.70'}
 {'67.194.89.3', '67.194.11.137', '67.194.1.47', '67.194.5.47', '67.194.2.88', '67.194.10.106', '67.194.3.44', '67.194.3.132', '67.194.8.8', '67.194.15.240', '67.194.7.46', '67.194.2.135', '67.194.3.130', '141.212.131.120', '67.194.9.217', '67.194.7.25', '67.194.10.82', '67.194.2.19', '67.194.4.79', '67.194.4.107', '67.194.0.206', '67.194.15.89', '67.194.7.41', '67.194.11.24', '67.194.14.218', '67.194.0.134', '67.194.15.196', '67.194.0.151', '67.194.7.185', '67.194.13.237', '67.194.1.221', '67.194.3.127', '67.194.0.66', '67.194.3.8', '67.194.2.197', '67.194.5.220', '67.194.6.249', '67.194.8.148', '67.194.5.198', '67.194.1.197', '67.194.14.225', '67.194.15.17', '67.194.71.70', '67.194.9.74', '67.194.5.17', '67.194.8.209', '67.194.0.218', '67.194.15.199'}
 {'67.194.14.111', '67.194.11.137', '67.194.1.47', '67.194.77.35', '67.194.5.47', '67.194.10.106', '141.212.131.132', '67.194.13.116', '67.194.3.44', '67.194.15.240', '67.194.7.46', '67.194.2.135', '67.194.1.46', '67.194.3.130', '67.194.7.25', '67.194.10.82', '67.194.91.55', '67.194.1.80', '67.194.15.176', '67.194.4.79', '67.194.0.206', '67.194.4.107', '141.212.205.229', '67.194.11.24', '67.194.0.134', '67.194.14.218', '67.194.3.155', '67.194.7.41', '67.194.9.145', '67.194.15.196', '67.194.0.151', '67.194.7.185', '67.194.12.127', '67.194.1.221', '67.194.3.127', '67.194.3.8', '67.194.2.197', '67.194.6.249', '67.194.5.198', '67.194.14.225', '67.194.15.17', '67.194.71.70', '67.194.9.74', '67.194.5.17', '67.194.13.55', '67.194.9.217', '67.194.15.199'}]"
43,2011-09-23,2011-12-05,-86.9173084345893,40.429713836265904,15,"[{'128.46.207.54', '128.46.217.30', '128.46.211.94', '128.46.217.45', '68.234.144.212', '128.46.217.40', '98.223.103.96', '128.46.111.211'}
 {'128.46.217.48', '128.46.217.42', '128.211.253.18', '128.46.217.29', '128.46.111.201', '128.46.217.127', '128.46.217.49', '128.211.253.63', '128.46.94.38', '128.46.217.40', '98.223.103.96', '128.46.217.80'}]"
44,2011-10-15,2011-10-19,-70.9642128944397,43.05333232879639,8,"[{'24.62.253.147', '132.177.236.50', '132.177.236.52', '132.177.236.53', '132.177.91.223', '132.177.236.51', '76.127.216.250', '132.177.89.203'}]"
45,2011-10-22,2011-10-25,-70.95862685434916,43.136002360817145,8,"[{'24.62.253.147', '66.31.24.26', '132.177.236.50', '71.168.67.246', '132.177.236.53', '132.177.91.223', '132.177.89.30', '216.246.129.59', '132.177.236.52', '132.177.89.203'}]"
46,2011-10-10,2011-12-06,-83.73723163468884,42.280658746031264,22,"[{'141.212.130.151', '141.212.130.189', '141.212.130.125', '141.212.130.69', '141.212.130.193', '141.211.231.68', '141.212.130.148', '141.212.130.74', '141.212.130.111', '141.212.130.187', '141.212.130.140', '141.212.130.192', '141.212.130.159', '141.212.130.144', '141.212.130.156', '141.213.66.173', '141.212.130.133'}
 {'141.212.130.151', '141.212.130.125', '141.212.131.20', '141.212.130.177', '141.212.130.74', '141.212.130.120', '141.212.130.160', '141.212.130.176', '141.212.130.58', '141.212.130.192', '141.212.130.159', '141.212.130.42', '141.212.130.44', '141.212.130.133'}
 {'141.212.131.220', '141.212.131.20', '141.212.204.103', '141.212.50.30', '141.212.130.69', '141.212.205.57', '141.212.204.69', '141.212.74.135', '141.212.205.184', '141.212.204.180', '141.212.75.161', '141.212.205.102', '141.213.67.88', '67.194.86.163', '141.212.75.66', '67.194.197.153', '67.194.95.107', '141.212.50.90', '141.212.204.88', '141.212.131.214', '141.212.74.68', '67.194.77.246', '141.213.67.164', '141.213.169.3', '141.212.205.230', '141.212.131.94', '141.212.205.128', '141.212.75.174', '141.212.74.253'}]"
47,2011-09-07,2011-09-07,77.0,20.0,5,"[{'210.212.160.101', '115.242.231.133'}]"
48,2011-11-04,2011-11-16,77.0,20.0,20,"[{'115.248.130.148'} {'1.39.54.4', '115.248.130.148'}]"
49,2011-09-12,2011-09-23,-86.91470336914062,40.42509841918945,9,"[{'128.211.249.226', '128.46.209.98', '128.46.209.50', '128.46.221.12', '128.46.156.184', '128.46.106.237', '128.46.209.71', '128.46.94.229', '128.46.94.69'}
 {'128.46.94.58', '128.46.209.50', '128.46.94.250', '128.46.94.108', '128.46.221.12', '128.46.156.184', '128.46.106.237', '128.46.209.71'}]"
50,2011-09-18,2011-09-25,-88.21193723798802,40.104941430663615,20,"[{'216.171.13.110', '192.17.145.30', '130.126.29.221', '128.174.191.31', '130.126.27.207', '130.126.28.41', '76.191.26.4', '128.174.114.2', '130.126.29.20', '130.126.24.152', '130.126.28.56', '128.174.114.18', '130.126.28.74', '128.174.114.0', '192.17.98.190', '99.118.110.101', '128.174.191.35', '130.126.29.204', '128.174.114.8', '192.17.203.100', '130.126.24.146', '128.174.114.6'}]"
51,2011-09-21,2011-09-25,-87.7666516985212,42.01061412266323,9,"[{'67.176.253.234', '67.176.252.68', '24.13.132.49', '67.162.56.2', '24.15.221.65', '24.13.133.220', '24.12.201.162', '24.15.28.171'}]"
52,2011-11-25,2011-12-03,-117.97054676106606,34.09875830424712,38,"[{'76.174.236.58', '76.90.233.188', '134.71.160.199', '134.71.58.71', '134.71.143.11', '76.91.214.74', '75.82.109.1', '134.71.140.86', '134.71.160.188', '134.71.145.183', '134.71.140.203', '24.205.42.187', '99.153.248.114', '134.71.141.151', '134.71.249.134', '134.71.160.212', '134.71.144.224', '99.127.4.132', '76.90.238.241', '134.71.140.34', '76.89.244.75', '108.0.145.59', '216.66.229.243', '134.71.135.166', '134.71.132.167', '71.93.149.8', '76.91.211.231', '99.110.130.159', '76.90.93.170', '134.71.249.198', '134.71.203.25', '134.71.160.105', '134.71.144.223'}]"
53,2011-11-26,2011-12-02,-97.8219985961914,37.750999450683594,9,"[{'72.134.107.236', '75.209.228.63', '71.110.6.28', '71.108.168.19', '173.60.78.225', '98.148.51.186', '74.100.22.65', '173.60.62.14', '96.247.98.70'}]"
54,2011-10-20,2011-10-24,31.27483336130778,30.070750554402668,6,"[{'41.206.150.206', '41.233.217.139', '41.206.156.155', '41.233.220.38'}]"
55,2011-11-15,2011-11-25,-97.75909009324086,30.26772608705575,23,"[{'128.83.155.88', '198.213.216.231', '206.76.103.182', '206.76.106.123', '128.62.122.21', '128.83.237.70', '206.76.106.119', '72.177.91.164', '66.68.138.81', '70.113.68.127', '64.189.91.114', '128.83.131.48', '128.83.175.32', '72.179.58.18', '24.155.240.191', '75.40.74.163', '128.83.237.63', '128.83.68.78', '128.62.104.23', '206.76.91.127', '24.206.104.77', '146.6.118.178', '128.62.81.41', '128.83.237.32', '128.62.187.189', '206.76.100.211', '66.68.105.102'}]"
56,2011-10-05,2011-10-11,-80.35896206432902,37.18574479338411,12,"[{'71.63.94.137', '128.173.35.129', '198.82.17.8', '198.82.5.205', '198.82.26.132', '198.82.5.120', '198.82.19.227', '198.82.17.131', '198.82.26.153', '128.173.125.74', '198.82.17.107', '198.82.24.31', '198.82.21.231', '198.82.19.177'}]"
57,2011-10-10,2011-10-21,-76.92316246825182,44.820694696438935,14,"[{'192.75.139.250', '24.246.11.113', '134.117.251.6', '134.117.71.85', '99.246.128.205', '99.246.24.80', '216.48.164.233', '99.224.37.245', '134.117.72.101', '173.35.96.21', '134.117.254.249', '209.183.23.4', '134.117.254.250', '134.117.254.248', '134.117.196.137', '134.117.71.96', '134.117.178.115', '99.224.180.236', '192.75.139.253'}]"
58,2011-11-04,2011-11-11,-75.69242796239013,45.39802159821651,10,"[{'134.117.71.98', '24.246.11.113', '134.117.251.6', '216.48.164.233', '134.117.72.101', '134.117.71.187', '134.117.254.249', '134.117.254.248', '134.117.196.156', '134.117.71.99', '134.117.71.192'}]"
59,2011-11-07,2011-11-08,-79.4638163248698,43.70645014444987,6,"[{'99.231.52.190', '99.224.37.245', '99.246.133.127', '99.224.180.236', '173.35.96.21', '99.254.127.175'}]"
60,2011-11-30,2011-12-03,-122.72896487587377,45.5733926873458,10,"[{'64.251.244.204', '64.251.243.231', '71.236.154.205', '64.251.244.155', '64.251.246.111', '24.22.88.85', '64.251.244.167', '64.251.246.40', '64.251.250.22', '64.251.249.84'}]"
61,2011-09-12,2011-09-23,-98.18323075668997,26.264885253980534,12,"[{'129.113.46.113', '129.113.173.81', '129.113.174.171', '129.113.130.197', '129.113.173.52', '129.113.173.55', '129.113.132.30', '129.113.130.86', '129.113.130.103', '24.167.27.185', '129.113.173.71', '129.113.131.126', '24.167.62.117', '24.167.17.252', '129.113.132.82', '129.113.44.241'}
 {'129.113.173.81', '129.113.131.40', '129.113.132.68', '129.113.173.50', '129.113.200.39', '129.113.130.86', '129.113.130.103', '24.167.27.185', '24.167.62.117', '129.113.130.138', '24.167.17.252', '129.113.174.171'}
 {'129.113.130.86', '129.113.173.81', '129.113.131.40', '24.167.27.185', '24.167.62.117', '129.113.130.104', '129.113.130.138', '24.167.17.252', '129.113.173.57', '129.113.200.39'}]"
62,2011-11-04,2011-11-09,-78.74151028895724,35.79750295791074,16,"[{'152.14.218.216', '24.171.169.142', '152.14.246.165', '152.7.23.17', '152.14.247.187', '204.84.244.1', '24.163.59.103', '152.14.218.225', '152.7.12.127', '152.1.222.193', '152.14.80.187', '108.192.129.100', '108.94.104.216', '98.26.88.100', '152.14.234.65'}]"
63,2011-12-24,2011-12-26,121.0,23.5,5,"[{'113.196.170.9', '113.196.171.144', '113.196.171.152', '113.196.171.130'}]"
64,2011-09-02,2011-09-07,-86.91470336914062,40.42509841918945,14,"[{'128.211.218.27', '128.211.243.125', '128.211.221.84', '128.211.196.70', '128.211.196.103', '128.211.214.68', '128.210.112.124', '128.211.196.134', '128.211.227.65', '128.211.197.76', '128.211.197.96', '128.211.195.44', '128.211.198.104', '128.211.197.67'}]"
65,2011-09-11,2011-09-16,-86.91470336914062,40.42509841918945,13,"[{'128.211.214.68', '128.211.243.125', '128.211.197.39', '128.211.198.95', '128.211.196.70', '128.211.197.100', '128.211.214.183', '128.211.221.50', '128.211.192.164', '128.211.196.101', '128.211.196.96', '128.211.197.29'}]"
66,2011-09-20,2011-09-23,-86.91470336914062,40.42509841918945,7,"[{'128.211.196.70', '128.211.220.59', '128.210.41.60', '128.211.197.71', '128.211.196.37', '128.211.198.104'}]"
67,2011-09-30,2011-10-04,-86.91470336914062,40.42509841918945,18,"[{'128.211.241.72', '128.211.220.59', '128.211.192.164', '128.211.196.103', '128.210.90.53', '128.211.197.29', '128.211.195.85', '128.211.196.65', '128.211.197.150', '128.211.219.195', '128.211.196.134', '128.211.197.118', '128.211.234.55', '128.211.243.88', '128.211.195.44', '128.211.198.35', '128.211.227.78'}]"
68,2011-09-06,2011-09-10,-87.68725522359212,42.061232566833496,12,"[{'129.105.52.28', '129.105.52.56', '129.105.116.41', '129.105.116.212', '129.105.52.240', '129.105.52.206', '129.105.116.17', '129.105.116.248', '129.105.116.237', '98.213.53.164', '129.105.52.244', '129.105.116.159'}]"
69,2011-09-06,2011-10-15,-89.6498031616211,39.83039855957031,11,"[{'64.107.84.170', '64.107.81.200', '64.107.81.130', '64.107.81.108', '64.107.84.2'}
 {'64.107.81.140', '64.107.84.2'}
 {'64.107.81.140', '64.107.81.200', '64.107.84.2'}]"
70,2011-09-25,2011-10-03,-79.26362859492305,43.768103384233065,18,"[{'99.254.30.166', '99.226.211.43', '142.1.211.104', '142.1.221.88', '142.1.241.106', '99.231.158.201', '99.232.82.83', '99.230.186.205', '142.1.254.75', '69.165.138.142', '99.232.121.3', '173.230.162.36', '76.10.161.194', '142.1.132.127', '99.231.192.198', '128.100.53.77', '24.246.80.188', '24.246.58.180', '99.231.190.111'}]"
71,2011-09-21,2011-10-29,-123.3655796669169,48.427822682394265,8,"[{'142.104.41.205', '142.104.41.210', '142.104.41.224', '142.104.41.204', '142.104.189.208', '142.104.41.209', '142.104.41.206'}
 {'142.104.41.192', '142.104.41.201', '142.104.189.208', '142.104.41.209', '142.104.41.206', '142.104.41.207'}
 {'142.104.41.224', '142.104.41.192', '142.104.41.203', '142.104.41.201', '142.104.41.204', '142.104.41.208', '142.104.35.109', '142.104.189.208', '142.104.41.206', '142.104.41.207'}
 {'142.104.41.205', '142.104.35.50', '142.104.118.159', '142.104.41.224', '142.104.41.217', '142.104.41.208', '142.104.121.174', '142.104.41.206', '142.104.41.207'}
 {'142.104.102.250', '142.104.35.50', '24.68.17.201', '142.104.41.203', '142.104.108.43', '142.104.41.204', '142.104.189.208', '142.104.41.206', '142.104.41.207'}
 {'142.104.102.250', '142.104.41.192', '142.104.41.203', '142.104.41.201', '142.104.41.208', '24.68.1.45', '142.104.41.204'}
 {'142.104.102.250', '142.104.113.124', '142.104.141.209', '142.104.200.110', '142.104.2.132', '142.104.189.207', '24.68.1.45', '142.104.189.208', '142.104.123.37', '142.104.207.44'}]"
72,2011-12-01,2011-12-07,-123.42785624693602,48.46541090225562,8,"[{'142.104.126.167', '142.104.141.209', '142.104.112.73', '184.66.7.109', '142.104.35.87', '142.104.189.208', '142.104.206.6', '70.67.27.226', '142.104.98.82'}]"
73,2011-08-30,2011-09-10,-87.66074488291211,41.83873100262274,19,"[{'75.146.101.101', '64.131.107.145', '24.13.132.99', '64.131.105.67', '64.131.107.146', '64.131.99.187', '64.131.106.126', '64.131.105.46', '64.131.104.64', '64.131.105.153', '64.131.104.148', '64.131.107.33', '129.105.92.142', '64.131.105.187', '64.131.107.142', '24.15.221.134', '216.47.142.95', '64.131.105.220', '198.37.17.191', '64.131.105.80', '64.131.103.231', '24.14.60.126', '24.13.50.63', '108.77.128.77', '64.131.107.38', '64.131.107.220', '99.120.124.169'}]"
74,2011-09-04,2011-09-16,-88.20706584305418,40.104906879688244,32,"[{'192.17.97.230', '192.17.200.29', '130.126.29.208', '130.126.213.9', '192.17.202.219', '192.17.106.42', '192.17.106.219', '128.174.161.68', '192.17.96.185', '192.17.207.68', '130.126.27.181', '192.17.198.128', '192.17.200.25', '128.174.228.19', '216.171.18.152', '108.199.240.245', '192.17.109.69', '192.17.113.222', '130.126.28.159', '130.126.135.153', '192.17.107.49', '128.174.229.193', '128.174.210.174', '192.17.106.70', '192.17.178.234', '130.126.28.50', '128.174.229.187'}
 {'192.17.204.227', '192.17.115.214', '192.17.96.66', '192.17.104.159', '192.17.106.139', '192.17.207.105', '130.126.24.147', '192.17.104.116', '192.17.106.219', '192.17.206.232', '192.17.101.73', '192.17.193.144', '130.126.28.67', '192.17.106.126', '128.174.229.193', '192.17.99.211', '128.174.229.181', '76.191.28.37', '192.17.192.66', '192.17.197.5', '128.174.161.62', '130.126.28.72', '128.174.228.180'}]"
75,2011-09-06,2011-12-08,-86.9150923064438,40.425787502786825,17,"[{'128.46.217.30', '128.46.217.29', '128.46.217.44', '128.46.98.230', '128.46.217.36', '128.46.217.25', '128.46.217.32', '128.46.217.41', '128.46.217.28', '128.46.217.54', '128.46.217.42'}
 {'128.46.217.110', '128.46.217.36', '128.46.217.32', '128.46.217.40', '128.46.217.41', '128.46.217.39', '128.46.217.33', '128.46.217.26', '128.46.217.31', '128.46.217.28', '128.46.217.42', '128.46.217.43'}
 {'128.46.217.37', '128.46.217.110', '128.46.217.25', '128.46.217.38', '128.46.217.40', '128.46.217.27', '128.46.217.39', '128.46.217.41', '128.46.217.28', '128.46.217.42', '128.46.103.182', '128.46.217.43'}
 {'128.46.217.30', '128.46.217.25', '128.46.217.38', '128.46.217.40', '128.46.217.39', '128.46.217.41', '128.46.217.56', '128.46.217.26', '128.46.217.31', '128.46.217.28', '128.46.217.42', '128.46.217.43'}
 {'128.46.143.250', '128.46.217.29', '128.46.217.62', '128.46.217.24', '128.46.98.245', '128.46.207.65', '128.46.217.40', '98.223.107.197', '128.46.207.76', '128.46.217.41', '128.46.217.39', '128.46.217.23', '128.46.98.226', '128.46.217.132', '128.46.217.56', '128.46.217.54', '128.46.217.28', '128.46.217.43'}
 {'128.46.217.37', '128.46.98.229', '128.46.217.29', '128.46.217.78', '98.223.107.197', '128.46.217.80', '128.46.217.41', '128.46.98.237', '128.46.217.77', '128.46.143.242', '128.46.217.136', '128.46.217.76', '128.46.190.6', '128.46.217.43'}
 {'128.46.217.30', '128.46.217.26', '128.46.217.105', '128.46.217.38', '128.46.217.32', '128.46.217.28', '128.46.217.31', '128.46.217.42', '128.46.217.41'}
 {'128.46.217.53', '128.46.217.110', '128.46.217.29', '128.46.217.25', '128.46.217.24', '128.46.217.32', '128.46.217.40', '128.46.217.41', '128.46.217.23', '128.46.217.31', '128.46.217.28', '128.46.217.42', '128.46.217.43'}
 {'128.46.217.30', '128.46.217.110', '128.46.217.29', '128.46.217.44', '128.46.217.36', '128.46.217.25', '128.46.217.105', '128.46.217.38', '128.46.217.32', '128.46.217.40', '128.46.217.52', '128.46.217.39', '128.46.217.41', '128.46.98.226', '128.46.217.45', '128.46.217.26', '128.46.217.31', '128.46.217.28', '128.46.217.54', '128.46.217.42'}
 {'128.46.98.169', '128.46.217.39', '128.46.217.56', '128.46.217.36', '128.46.98.242', '128.46.217.31', '98.223.107.197', '128.46.217.52', '128.46.217.41'}
 {'128.46.217.30', '128.46.217.25', '128.46.217.105', '128.46.217.38', '128.46.217.32', '128.46.217.28', '128.46.217.31', '128.46.217.42', '128.46.217.41'}]"
76,2011-09-15,2011-09-16,-87.6650161743164,41.900782903035484,6,"[{'173.15.83.69', '129.105.92.142', '24.1.59.159', '216.47.153.24', '24.15.221.9', '24.15.221.70'}]"
77,2011-10-07,2011-10-08,126.92096099853515,37.53631057739258,5,"[{'27.119.33.143', '118.37.16.7', '110.12.32.141', '175.114.84.69', '203.249.64.169', '110.11.179.226'}]"
78,2011-11-01,2011-11-05,31.238266979564322,30.045882589166816,8,"[{'41.235.236.50', '196.205.88.168', '41.199.86.89', '41.206.159.123', '193.227.11.116', '41.196.186.99'}
 {'41.235.236.50', '196.205.88.168', '41.199.86.89', '41.131.100.237', '41.232.33.249'}]"
79,2011-11-16,2011-12-28,31.248104669956707,30.045113922038112,40,"[{'41.232.10.96', '62.135.89.135', '41.130.167.242', '41.237.144.92', '41.34.208.171', '41.196.127.9', '41.34.164.72', '213.181.226.212', '41.130.42.69', '41.91.134.158', '41.235.249.179', '41.131.105.9', '62.135.24.5', '41.196.189.221', '41.234.5.243', '41.35.30.231', '41.131.83.71', '41.131.80.21', '41.236.142.26', '196.221.211.185', '41.237.150.10', '41.131.96.115', '41.237.141.3', '41.232.53.198', '41.131.85.33', '41.239.184.190', '41.233.43.105', '41.239.0.249', '41.34.5.197', '41.206.153.12', '195.43.0.119', '41.237.19.75', '41.35.4.147', '41.237.19.70', '196.221.226.153', '41.235.237.89', '41.236.227.26', '41.91.112.235', '197.123.122.34', '41.235.79.109', '196.205.158.247', '195.246.60.2', '41.33.150.146', '41.232.146.150', '41.178.76.238', '193.227.11.116', '41.153.36.6', '41.130.161.240', '193.227.31.2', '41.196.128.106', '197.194.94.231', '41.35.247.55', '41.130.44.196', '41.130.64.34', '41.196.121.231', '196.205.158.47', '41.206.150.14', '41.196.171.34', '213.131.93.102', '41.238.46.122', '41.233.194.241', '41.232.156.38', '41.235.153.9', '41.235.249.184', '41.206.153.80'}
 {'41.237.148.209', '197.194.19.231', '41.33.150.146', '193.227.11.116', '41.206.157.23', '41.233.42.54', '196.205.162.180', '193.227.31.2', '41.235.39.179', '41.131.105.84', '41.34.254.12', '41.130.11.51', '41.43.49.180', '41.131.100.150', '41.196.99.141', '41.91.173.125', '41.196.72.71', '196.205.162.45', '195.43.0.119', '197.122.208.72', '41.130.14.52', '41.232.146.128'}
 {'62.135.2.81', '41.206.150.14', '41.43.49.44', '41.238.47.210', '41.196.171.34', '193.227.11.116', '41.232.36.16', '41.234.5.243'}]"
80,2011-11-28,2011-12-03,12.109700202941895,43.14789962768555,10,"[{'137.204.191.73', '137.204.191.63', '137.204.191.4', '137.204.191.62', '137.204.191.69', '137.204.191.67', '137.204.191.70', '137.204.191.71', '137.204.191.78', '137.204.191.68'}]"
81,2011-12-11,2011-12-11,31.247879791259766,30.05242004394531,5,"[{'41.232.146.62', '82.201.226.190', '41.178.214.255', '41.237.141.3', '41.196.116.208'}]"
82,2011-09-28,2011-10-14,-113.5155436113545,53.513675021064756,16,"[{'142.244.152.126', '129.128.209.33', '142.244.63.147', '142.244.63.249', '142.244.154.193'}
 {'142.244.152.126', '142.244.152.10', '96.52.136.91', '142.244.152.68', '75.158.226.130', '129.128.209.33', '142.244.63.147', '142.244.152.105', '129.128.209.145', '142.244.63.231', '142.244.63.249', '198.53.174.177', '142.244.154.193', '70.74.187.172', '129.128.214.92', '68.151.16.39', '174.3.234.120', '142.244.63.245', '96.52.98.164', '142.244.150.62', '142.244.148.249', '174.3.241.148', '75.158.226.196', '142.244.152.203', '142.244.152.200', '142.244.152.138', '142.244.154.207'}]"
83,2011-11-21,2011-11-21,-106.60731506347656,52.13230005900065,6,"[{'71.17.44.226', '128.233.231.202', '71.17.190.56', '128.233.22.17', '174.2.78.215', '207.47.248.47'}]"
84,2011-11-20,2011-11-24,-117.84975716390169,34.03560917385977,15,"[{'134.71.203.187', '134.71.59.234', '134.71.143.86', '134.71.205.60', '24.205.80.128', '76.224.173.68', '134.71.58.191', '134.71.58.23', '134.71.136.104', '134.71.54.116', '134.71.249.198', '99.6.112.158', '134.71.92.37', '66.214.170.107'}]"
85,2011-11-05,2011-11-10,77.0,20.0,12,[{'115.248.130.148'}]
86,2011-09-20,2011-11-09,-111.89736418720699,33.427619710005786,15,"[{'149.169.110.176', '68.225.193.45', '149.169.223.24', '149.169.230.69', '72.201.29.3', '149.169.129.158', '149.169.172.254', '68.230.66.41', '149.169.222.67', '174.26.130.126', '70.176.114.152', '149.169.112.86', '149.169.230.171', '149.169.201.113', '98.167.184.173'}
 {'209.147.142.136', '149.169.251.13', '149.169.172.251', '149.169.159.224', '70.162.130.59', '72.201.29.3', '149.169.201.114', '149.169.229.163', '209.147.144.233', '149.169.174.248'}]"
87,2011-09-21,2011-11-23,-106.49129676818848,31.778756380081177,27,"[{'129.108.242.239', '129.108.242.207', '129.108.242.23', '129.108.242.237', '129.108.242.205', '129.108.242.174', '129.108.242.161', '129.108.242.109', '129.108.242.236', '129.108.242.4', '129.108.242.252', '129.108.243.44', '129.108.242.128', '129.108.243.32', '129.108.243.78', '129.108.243.10'}
 {'129.108.202.42', '129.108.202.50'} {'129.108.202.42', '209.136.28.42'}
 {'129.108.202.42', '129.108.33.22'}]"
88,2011-10-30,2011-11-05,-84.52388102063061,33.860103742610775,9,"[{'168.28.180.30', '67.166.219.200', '168.28.180.20', '24.126.140.94', '70.158.103.10'}
 {'74.190.157.203', '70.158.103.11', '168.28.136.21', '67.166.219.200', '24.126.140.94', '168.28.180.30'}]"
89,2011-11-03,2011-11-19,77.0,20.0,100,"[{'210.212.160.101', '14.97.102.18', '1.39.54.4', '115.240.84.180', '115.240.49.27', '115.240.77.229', '14.97.12.104', '115.241.195.110', '115.248.130.148'}]"
90,2011-11-07,2011-11-18,-84.56534468284705,33.96979340447602,24,"[{'99.98.100.27', '168.28.136.25', '74.190.157.203', '168.28.136.19', '70.158.103.11', '68.184.90.109', '168.28.136.21', '168.28.180.20', '24.30.43.33', '168.28.180.30', '67.166.219.200', '168.28.136.35', '168.28.180.22', '168.28.136.22', '24.126.140.94'}]"
91,2011-12-17,2011-12-20,31.29217987060547,30.053740310668946,5,"[{'213.181.226.224', '213.181.228.70', '41.233.141.177', '196.205.212.227', '197.195.102.101'}]"
92,2011-11-14,2011-11-22,-122.21508639141913,37.88546903920006,28,"[{'98.248.145.26', '67.180.30.220', '108.205.48.50', '67.164.92.248', '136.152.36.209', '128.32.45.33', '128.32.45.114', '24.130.240.128', '136.152.166.157', '204.102.224.185', '136.152.39.87', '136.152.37.167', '128.32.45.210', '136.152.37.90', '108.65.0.85', '71.202.183.93', '136.152.39.77', '169.229.155.229', '136.152.26.210', '71.202.181.236', '136.152.39.137', '67.180.29.182', '24.7.115.45', '108.205.48.119', '136.152.38.236', '128.32.164.220', '136.152.28.25', '136.152.37.209', '136.152.38.107', '136.152.37.86'}]"
93,2011-07-10,2011-07-14,-66.5,18.25,9,[{'136.145.236.13'}]
94,2011-10-01,2011-10-12,-106.65019520905133,35.06041495880136,13,"[{'129.24.65.223', '69.254.132.13', '129.24.255.27', '129.24.47.66', '129.24.182.184', '129.24.131.212', '129.24.179.113', '129.24.176.196', '129.24.73.112', '129.24.253.247', '129.24.180.241', '129.24.183.27', '129.24.177.124', '129.24.177.63', '174.28.72.92', '129.24.229.247', '174.28.80.82', '129.24.180.28', '129.24.180.32', '129.24.155.232', '129.24.65.236'}]"
95,2011-11-27,2011-12-09,127.1788079401018,36.964605752871556,28,"[{'143.248.142.109', '110.76.70.68', '143.248.141.112', '143.248.192.184', '143.248.141.120', '110.76.101.71', '143.248.253.151', '192.249.29.33', '143.248.141.110', '192.249.16.86', '143.248.141.113', '143.248.141.108', '143.248.141.107', '143.248.141.115', '192.249.16.172', '192.249.20.227', '192.249.20.192', '143.248.141.118', '143.248.141.114', '143.248.141.125', '143.248.141.111', '143.248.243.10', '220.67.70.66', '143.248.141.121', '175.246.248.115', '110.76.99.29', '143.248.141.122', '143.248.141.117', '192.249.31.173', '143.248.175.146', '192.249.25.75', '110.76.75.14', '110.76.73.22', '192.249.20.245', '192.249.18.45', '110.76.99.30', '143.248.141.109', '221.142.67.27', '192.249.30.60', '143.248.141.123', '192.249.28.177', '210.107.130.161', '143.248.141.124', '110.76.72.145'}]"
96,2011-11-27,2011-12-04,127.4197006225586,36.3213996887207,15,"[{'143.248.192.184', '110.76.99.29', '110.76.101.71', '110.76.73.57', '110.76.77.15', '110.76.75.100', '143.248.253.151', '110.76.72.33', '143.248.243.21', '143.248.175.146', '110.76.75.14', '110.76.73.22', '110.76.99.30', '143.248.243.10', '110.76.73.43', '210.107.130.161'}]"
97,2011-11-09,2011-11-15,-77.92207723907049,40.79819414544642,10,"[{'130.203.234.130', '130.203.239.233', '130.203.222.111', '71.58.97.135', '130.203.217.104'}
 {'98.235.94.34', '68.232.114.183', '98.235.76.97', '130.203.234.130', '71.58.104.181', '130.203.239.233', '130.203.222.111', '130.203.232.138', '71.58.97.135', '130.203.235.140'}]"
98,2011-07-11,2011-07-15,126.99152437845866,37.37418301900228,7,"[{'115.145.144.58', '115.145.140.213', '58.141.150.215', '61.82.151.125', '180.67.201.98', '114.207.56.209', '124.5.239.129'}]"
99,2011-09-26,2011-11-16,121.53179931640625,25.047800064086914,9,"[{'140.113.228.29', '140.113.190.172', '140.113.228.235', '140.113.228.25', '140.113.189.204', '140.113.228.216', '140.113.228.218'}
 {'140.113.228.29', '140.113.228.30', '140.113.228.25', '140.113.228.215', '140.113.228.109', '140.113.228.218'}
 {'140.113.228.29', '140.113.228.30', '140.113.228.25', '140.113.228.215', '140.113.228.109', '140.113.228.218'}
 {'140.113.56.120', '140.113.228.29', '140.113.228.215', '140.113.228.216', '140.113.228.109', '140.113.228.218'}]"
100,2011-07-03,2011-12-01,-86.91721510233069,40.429865591692916,77,"[{'128.46.94.55', '128.211.136.13', '98.222.193.185', '128.46.192.96', '128.46.94.46', '128.46.94.85', '128.46.16.39', '128.46.22.215', '128.46.170.218', '98.223.103.57', '128.46.94.68', '128.46.94.65', '128.46.94.243', '128.46.94.221', '128.46.205.158', '72.12.197.22', '128.210.70.115', '128.211.136.10', '128.46.94.190', '128.46.205.46', '128.46.94.223', '128.46.94.184', '98.223.100.145', '128.46.16.231', '24.12.69.40', '128.46.94.69', '128.46.94.82', '128.46.94.200', '128.46.94.228', '98.222.194.67', '72.12.199.23', '128.46.94.182', '128.211.243.42', '128.46.16.15', '128.46.16.22', '128.46.94.105', '128.210.10.101', '165.124.218.73', '98.222.197.77', '98.223.39.45', '128.46.94.250', '128.46.184.197', '98.223.104.147', '24.1.178.100', '128.46.16.72', '128.211.192.87', '128.211.209.17', '128.46.16.75', '128.46.16.234', '24.13.120.171', '128.46.16.60', '128.211.192.155', '128.46.94.189', '128.46.205.157', '98.223.102.73', '129.105.55.215', '128.46.94.246', '128.211.243.26', '128.46.22.139', '128.210.37.106', '128.46.94.229', '24.12.68.118', '128.46.94.38', '128.46.16.59', '128.46.94.249', '128.46.94.199', '128.46.94.21', '165.124.217.196', '128.46.22.196', '98.222.207.171', '129.105.207.82', '165.124.145.148', '128.46.94.191', '128.46.94.198', '129.105.55.120', '128.46.22.183', '129.105.55.98', '165.124.219.228', '128.46.94.248', '128.46.184.250', '128.46.16.44', '128.46.94.187', '128.46.94.37', '128.211.249.86', '128.46.76.171', '129.105.55.217', '128.211.222.143', '128.46.16.251', '128.211.243.34', '129.105.55.193', '129.105.55.198', '128.46.94.186', '128.46.94.193', '128.46.94.227', '128.46.94.231', '128.46.22.203', '128.46.94.57', '128.46.16.252'}
 {'128.211.192.155', '128.46.217.110', '128.46.16.44', '128.46.192.96', '128.46.217.29', '128.46.94.244', '128.46.94.246', '128.46.94.74', '128.46.190.236', '128.210.35.188', '128.46.16.69', '128.46.16.22', '128.46.16.59', '128.46.94.65', '128.46.94.58', '128.46.94.234', '128.211.230.85', '128.46.22.142', '128.46.94.78', '128.46.94.227', '128.46.16.231', '128.46.94.57', '98.223.110.221'}
 {'128.46.94.37', '128.46.217.29', '128.210.107.130', '128.46.94.244', '128.46.94.246', '128.46.16.22', '128.46.16.59', '128.46.205.158', '128.46.94.234', '128.211.192.87', '128.46.16.72', '128.46.94.190', '128.46.94.227', '128.46.94.238'}
 {'128.46.94.82', '128.211.249.97', '128.46.16.44', '128.46.94.244', '128.46.94.46', '128.46.209.33', '128.46.16.39', '128.46.94.51', '128.211.253.71', '128.46.16.15', '128.46.16.22', '128.46.16.59', '128.46.94.233', '98.223.111.27', '128.46.16.72', '128.46.217.45', '128.46.94.103', '128.46.94.227', '128.46.94.104', '128.210.126.106', '128.46.94.57'}
 {'128.46.16.60', '128.46.154.203', '128.46.16.44', '128.46.22.199', '128.46.114.225', '128.46.16.22', '128.46.94.57'}
 {'128.46.16.60', '128.46.16.249', '128.46.154.203', '128.46.16.44', '128.46.94.244', '128.46.94.46', '128.46.16.58', '128.46.217.32', '128.46.22.199', '128.46.16.22', '128.46.16.59', '128.210.90.19', '128.46.94.233', '98.223.111.27', '128.46.16.241', '128.211.230.85', '128.46.94.195', '128.46.94.241'}
 {'128.46.16.60', '128.46.94.233', '128.46.94.85', '128.46.94.231', '128.46.16.22', '128.46.94.57'}]"
101,2011-07-20,2011-10-18,-97.8219985961914,37.750999450683594,11,"[{'184.17.98.57', '184.17.116.110', '184.17.100.212', '99.42.156.250', '98.110.9.169'}
 {'184.17.124.70', '75.38.58.152', '50.129.87.246', '131.243.180.142', '70.225.179.113'}
 {'75.38.58.152', '63.96.84.113', '131.243.180.142', '70.225.179.113', '12.107.231.66'}
 {'63.96.84.113', '131.243.180.142', '184.17.113.110', '70.225.179.113', '12.107.231.66'}]"
102,2011-12-04,2011-12-17,-86.91470336914062,40.42509841918945,15,"[{'128.46.16.249', '128.46.68.5', '128.46.16.60', '128.46.94.248', '128.46.16.44', '128.46.16.72', '128.46.94.231', '128.46.94.196', '128.46.16.69'}
 {'128.46.16.249', '128.46.16.60', '128.46.114.226', '128.211.254.114', '128.46.16.44', '128.46.16.233', '128.46.16.69', '128.46.220.159'}
 {'128.211.254.114', '128.46.16.44', '128.46.16.233', '128.46.16.15', '128.46.94.57', '128.46.16.59', '128.46.220.159'}]"
