,year_month,simtotal_track,clustered_track,clustered_m_track,clustered_x_track,clustered_mx_track,self_identified_track,self_track,researcher_track,self_study_day_1_users_date_track,self_study_day_2_7_users_date_track,self_study_day_8_30_users_date_track,self_study_day_31_90_users_date_track,self_study_day_91_180_users_date_track,self_study_day_181_365_users_date_track,self_study_years_users_date_track,all_researchers,clustered_track_per,self_identified_track_per,researcher_track_per,self_track_per,all_researchers_per
0,2000-01-01,0,0,0,0,0,0,0,0,0,0,0,0,0,0,0,0,,,,,
1,2000-02-01,0,0,0,0,0,0,0,0,0,0,0,0,0,0,0,0,,,,,
2,2000-03-01,58,6,3,0,3,0,45,8,3,1,7,2,0,1,9,8,10.16949152542373,0.0,13.559322033898304,76.27118644067797,13.559322033898304
3,2000-04-01,72,7,3,0,4,0,55,11,3,1,8,2,0,3,10,11,9.58904109589041,0.0,15.068493150684931,75.34246575342466,15.068493150684931
4,2000-05-01,88,10,3,0,7,0,68,13,4,1,8,2,0,3,11,13,10.989010989010989,0.0,14.285714285714285,74.72527472527473,14.285714285714285
5,2000-06-01,96,11,3,1,7,0,74,14,4,1,8,2,0,3,11,14,11.11111111111111,0.0,14.14141414141414,74.74747474747475,14.14141414141414
6,2000-07-01,101,13,5,1,7,0,76,15,4,1,8,2,0,3,12,15,12.5,0.0,14.423076923076922,73.07692307692307,14.423076923076922
7,2000-08-01,119,13,5,1,7,0,92,17,5,1,8,2,0,3,13,17,10.655737704918032,0.0,13.934426229508196,75.40983606557377,13.934426229508196
8,2000-09-01,215,15,6,2,7,0,184,21,6,1,8,3,0,3,15,21,6.8181818181818175,0.0,9.545454545454547,83.63636363636363,9.545454545454547
9,2000-10-01,269,16,6,2,8,0,235,24,8,1,8,4,0,5,20,24,5.818181818181818,0.0,8.727272727272728,85.45454545454545,8.727272727272728
10,2000-11-01,327,16,6,2,8,0,293,24,8,1,8,5,1,6,21,24,4.804804804804805,0.0,7.207207207207207,87.98798798798799,7.207207207207207
11,2000-12-01,378,16,6,2,8,0,343,25,8,1,9,5,1,6,24,25,4.166666666666666,0.0,6.510416666666667,89.32291666666666,6.510416666666667
12,2001-01-01,409,17,7,2,8,0,372,27,8,1,9,5,1,6,24,27,4.086538461538462,0.0,6.490384615384616,89.42307692307693,6.490384615384616
13,2001-02-01,616,21,9,3,9,0,571,33,12,3,12,6,4,10,31,33,3.36,0.0,5.28,91.36,5.28
14,2001-03-01,753,20,8,3,9,0,707,35,14,6,13,7,6,11,32,35,2.6246719160104988,0.0,4.593175853018373,92.78215223097112,4.593175853018373
15,2001-04-01,779,21,8,4,9,0,731,36,14,6,12,8,6,11,32,36,2.66497461928934,0.0,4.568527918781726,92.76649746192894,4.568527918781726
16,2001-05-01,804,18,9,4,5,0,756,39,13,5,10,9,7,12,32,39,2.214022140221402,0.0,4.797047970479705,92.98892988929889,4.797047970479705
17,2001-06-01,811,17,9,3,5,0,764,39,13,5,7,9,7,12,34,39,2.073170731707317,0.0,4.7560975609756095,93.17073170731707,4.7560975609756095
18,2001-07-01,817,15,8,3,4,0,774,36,14,5,7,10,7,12,34,36,1.8181818181818181,0.0,4.363636363636364,93.81818181818183,4.363636363636364
19,2001-08-01,806,14,8,3,3,0,765,35,14,5,7,10,7,12,34,35,1.71990171990172,0.0,4.2997542997543,93.98034398034399,4.2997542997543
20,2001-09-01,807,12,7,2,3,0,765,37,15,5,8,11,7,13,36,37,1.4742014742014742,0.0,4.545454545454546,93.98034398034399,4.545454545454546
21,2001-10-01,814,13,7,2,4,0,771,37,18,5,7,18,9,13,37,37,1.5834348355663823,0.0,4.506699147381242,93.90986601705238,4.506699147381242
22,2001-11-01,775,13,7,2,4,0,730,39,22,6,7,19,9,13,40,39,1.6624040920716114,0.0,4.987212276214834,93.35038363171356,4.987212276214834
23,2001-12-01,742,13,7,2,4,0,696,40,22,6,8,20,8,13,40,40,1.7356475300400533,0.0,5.34045393858478,92.92389853137517,5.34045393858478
24,2002-01-01,684,13,7,2,4,0,640,39,21,6,8,21,8,14,40,39,1.8786127167630058,0.0,5.635838150289017,92.48554913294798,5.635838150289017
25,2002-02-01,665,13,7,2,4,0,622,37,26,9,10,24,22,14,41,37,1.9345238095238095,0.0,5.5059523809523805,92.55952380952381,5.5059523809523805
26,2002-03-01,662,12,6,2,4,0,622,35,37,15,12,45,23,16,47,35,1.7937219730941705,0.0,5.23168908819133,92.9745889387145,5.23168908819133
27,2002-04-01,647,12,6,2,4,0,608,34,39,15,14,50,22,18,49,34,1.834862385321101,0.0,5.198776758409786,92.96636085626912,5.198776758409786
28,2002-05-01,394,11,4,2,5,0,359,31,43,16,13,49,20,16,48,31,2.7431421446384037,0.0,7.73067331670823,89.52618453865337,7.73067331670823
29,2002-06-01,388,15,7,3,5,0,347,37,49,15,15,49,20,14,53,37,3.7593984962406015,0.0,9.273182957393484,86.96741854636592,9.273182957393484
30,2002-07-01,394,15,7,3,5,0,352,38,62,15,17,50,21,14,54,38,3.7037037037037033,0.0,9.382716049382717,86.91358024691358,9.382716049382717
31,2002-08-01,404,16,8,3,5,0,361,38,70,15,19,51,22,16,54,38,3.8554216867469884,0.0,9.156626506024097,86.98795180722891,9.156626506024097
32,2002-09-01,445,17,8,4,5,0,400,39,77,17,22,58,31,16,63,39,3.7280701754385963,0.0,8.552631578947368,87.71929824561403,8.552631578947368
33,2002-10-01,485,17,9,3,5,0,438,43,86,19,25,73,37,20,72,43,3.413654618473896,0.0,8.634538152610443,87.95180722891565,8.634538152610443
34,2002-11-01,503,19,10,3,6,0,450,48,100,19,25,77,38,23,72,48,3.67504835589942,0.0,9.284332688588009,87.04061895551257,9.284332688588009
35,2002-12-01,480,18,9,3,6,0,425,50,108,20,27,76,39,25,74,50,3.6511156186612577,0.0,10.141987829614605,86.20689655172413,10.141987829614605
36,2003-01-01,457,17,8,4,5,0,401,50,121,20,28,76,38,25,79,50,3.632478632478633,0.0,10.683760683760683,85.68376068376068,10.683760683760683
37,2003-02-01,478,18,9,4,5,0,417,55,124,20,26,84,40,28,80,55,3.6734693877551026,0.0,11.224489795918368,85.10204081632654,11.224489795918368
38,2003-03-01,834,23,9,5,9,1,763,60,143,19,31,330,43,47,128,61,2.715466351829988,0.11806375442739078,7.083825265643448,90.08264462809917,7.201889020070838
39,2003-04-01,853,24,9,6,9,1,783,58,149,24,27,339,43,49,130,59,2.771362586605081,0.11547344110854503,6.697459584295612,90.41570438799076,6.812933025404157
40,2003-05-01,825,27,10,8,9,1,752,61,155,23,37,303,32,51,129,62,3.2104637336504163,0.11890606420927466,7.253269916765754,89.41736028537456,7.37217598097503
41,2003-06-01,847,25,8,8,9,1,774,60,161,26,41,309,28,55,131,61,2.9069767441860463,0.11627906976744186,6.976744186046512,90.0,7.093023255813953
42,2003-07-01,856,25,8,8,9,1,782,61,158,28,41,311,28,55,137,62,2.8768699654775602,0.11507479861910241,7.019562715765247,89.98849252013808,7.13463751438435
43,2003-08-01,860,23,6,8,9,1,789,59,157,30,43,310,28,55,141,60,2.637614678899083,0.11467889908256881,6.76605504587156,90.48165137614679,6.8807339449541285
44,2003-09-01,973,24,6,9,9,1,899,61,165,30,41,325,80,71,158,62,2.4365482233502536,0.10152284263959391,6.192893401015229,91.26903553299492,6.2944162436548226
45,2003-10-01,1012,24,6,9,9,1,937,62,163,31,42,338,92,73,168,63,2.34375,0.09765625,6.0546875,91.50390625,6.15234375
46,2003-11-01,1020,25,6,9,10,1,947,60,153,31,42,346,92,74,176,61,2.420135527589545,0.0968054211035818,5.808325266214908,91.67473378509197,5.90513068731849
47,2003-12-01,1032,25,6,9,10,1,957,62,152,37,47,348,91,72,176,63,2.3923444976076556,0.09569377990430622,5.9330143540669855,91.57894736842105,6.028708133971292
48,2004-01-01,982,25,6,9,10,1,908,61,144,39,44,331,83,66,169,62,2.512562814070352,0.10050251256281408,6.130653266331659,91.25628140703517,6.231155778894473
49,2004-02-01,987,25,6,9,10,1,911,63,144,39,47,331,83,68,168,64,2.5,0.1,6.3,91.10000000000001,6.4
50,2004-03-01,1009,28,6,12,10,1,931,64,140,38,44,346,81,73,179,65,2.734375,0.09765625,6.25,90.91796875,6.34765625
51,2004-04-01,1071,28,5,12,11,1,993,64,186,45,43,343,81,77,184,65,2.578268876611418,0.09208103130755065,5.893186003683241,91.4364640883978,5.985267034990792
52,2004-05-01,1054,27,5,13,9,1,979,61,216,55,43,285,80,77,185,62,2.528089887640449,0.09363295880149813,5.711610486891386,91.66666666666666,5.805243445692884
53,2004-06-01,818,27,6,13,8,1,743,62,213,53,32,81,79,75,175,63,3.241296518607443,0.12004801920768307,7.44297719087635,89.19567827130852,7.563025210084033
54,2004-07-01,857,28,7,13,8,1,778,66,226,73,35,73,78,79,179,67,3.2073310423825885,0.11454753722794961,7.560137457044673,89.1179839633448,7.674684994272623
55,2004-08-01,857,28,7,13,8,1,779,65,230,73,35,73,78,77,179,66,3.2073310423825885,0.11454753722794961,7.445589919816724,89.23253150057275,7.560137457044673
56,2004-09-01,997,32,7,16,9,1,916,66,242,74,37,101,128,82,220,67,3.152709359605911,0.09852216748768472,6.502463054187192,90.2463054187192,6.600985221674876
57,2004-10-01,1038,35,9,18,8,1,952,69,251,75,41,110,131,79,234,70,3.3112582781456954,0.0946073793755913,6.5279091769157995,90.06622516556291,6.622516556291391
58,2004-11-01,1086,38,10,20,8,1,992,76,266,79,43,108,132,85,249,77,3.4327009936766033,0.09033423667570009,6.865401987353207,89.61156278229448,6.9557362240289065
59,2004-12-01,1083,37,10,19,8,1,993,73,273,77,44,99,133,81,252,74,3.3514492753623193,0.09057971014492754,6.61231884057971,89.94565217391305,6.702898550724639
60,2005-01-01,1007,41,12,21,8,1,908,80,293,78,40,74,74,69,250,81,3.9805825242718447,0.0970873786407767,7.766990291262135,88.15533980582524,7.864077669902912
61,2005-02-01,1090,49,15,23,11,1,976,90,298,81,44,97,80,73,268,91,4.390681003584229,0.08960573476702509,8.064516129032258,87.45519713261649,8.154121863799284
62,2005-03-01,1154,54,17,25,12,1,1033,93,306,82,44,125,78,79,281,94,4.5723962743437765,0.0846740050804403,7.8746824724809485,87.46824724809483,7.959356477561388
63,2005-04-01,1103,56,17,27,12,1,978,98,279,73,40,132,78,69,267,99,4.942630185348632,0.088261253309797,8.649602824360105,86.31950573698145,8.737864077669903
64,2005-05-01,1068,56,18,26,12,1,941,100,255,71,49,120,80,73,257,101,5.100182149362477,0.09107468123861566,9.107468123861565,85.70127504553734,9.198542805100182
65,2005-06-01,1080,58,17,28,13,1,951,99,258,69,52,123,79,73,263,100,5.229936880072137,0.09017132551848511,8.926961226330027,85.75293056807935,9.017132551848512
66,2005-07-01,1104,61,17,29,15,1,974,100,272,55,57,126,80,73,275,101,5.369718309859155,0.08802816901408451,8.80281690140845,85.73943661971832,8.890845070422536
67,2005-08-01,1191,63,19,28,16,1,1052,108,311,72,62,127,81,72,287,109,5.147058823529411,0.08169934640522876,8.823529411764707,85.94771241830065,8.905228758169935
68,2005-09-01,1300,73,23,31,19,2,1144,118,336,72,65,145,88,78,313,120,5.459985041136874,0.14958863126402394,8.825729244577413,85.56469708302168,8.975317875841435
69,2005-10-01,1386,81,27,34,20,2,1220,122,370,72,61,158,87,82,335,124,5.684210526315789,0.14035087719298245,8.56140350877193,85.6140350877193,8.701754385964913
70,2005-11-01,1551,90,28,37,25,2,1370,128,424,81,69,179,95,92,365,130,5.660377358490567,0.12578616352201258,8.050314465408805,86.16352201257862,8.176100628930817
71,2005-12-01,1674,101,33,42,26,2,1473,140,485,89,70,157,109,94,394,142,5.8857808857808855,0.11655011655011654,8.158508158508159,85.83916083916084,8.275058275058274
72,2006-01-01,1670,106,36,43,27,2,1454,154,521,87,71,143,65,89,394,156,6.177156177156177,0.11655011655011654,8.974358974358974,84.73193473193473,9.090909090909092
73,2006-02-01,1898,116,35,47,34,3,1667,162,651,99,80,149,69,97,431,165,5.95482546201232,0.1540041067761807,8.316221765913758,85.57494866529774,8.470225872689939
74,2006-03-01,2153,127,39,51,37,3,1909,167,724,101,134,207,70,104,469,170,5.757026291931097,0.1359927470534905,7.57026291931097,86.53671804170445,7.70625566636446
75,2006-04-01,2393,135,44,54,37,3,2132,178,802,125,188,198,75,113,519,181,5.514705882352941,0.12254901960784313,7.27124183006536,87.09150326797386,7.393790849673203
76,2006-05-01,2534,150,52,58,40,3,2252,189,883,128,202,191,78,111,539,192,5.782575173477255,0.1156515034695451,7.2860447185813415,86.81572860447186,7.401696222050886
77,2006-06-01,2698,166,59,63,44,3,2385,210,945,141,208,203,83,115,565,213,6.005788712011578,0.10853835021707671,7.597684515195368,86.28798842257598,7.706222865412446
78,2006-07-01,2959,178,61,68,49,5,2617,228,1061,159,219,213,95,134,604,233,5.878467635402906,0.16512549537648613,7.5297225891677675,86.42668428005284,7.694848084544254
79,2006-08-01,3062,188,65,71,52,7,2707,236,1123,155,217,213,100,145,619,243,5.991077119184194,0.22307202039515617,7.520713830465264,86.26513702995538,7.743785850860421
80,2006-09-01,3397,210,69,85,56,7,3013,248,1230,173,241,237,150,173,652,255,6.037952846463485,0.2012650948821162,7.130534790109258,86.63024726854515,7.331799884991375
81,2006-10-01,3573,225,76,88,61,7,3164,267,1292,184,250,244,159,192,680,274,6.142506142506143,0.19110019110019108,7.28910728910729,86.37728637728638,7.480207480207481
82,2006-11-01,4073,248,85,93,70,8,3636,278,1397,238,478,249,177,206,715,286,5.947242206235012,0.19184652278177458,6.666666666666667,87.19424460431655,6.858513189448441
83,2006-12-01,4293,258,88,95,75,9,3837,289,1521,254,491,235,188,224,722,298,5.872979740496244,0.2048713862963806,6.578647848850444,87.34350102435693,6.783519235146825
84,2007-01-01,4357,274,96,102,76,11,3887,289,1537,261,497,224,195,234,732,300,6.142120600762161,0.24658148397220356,6.478368078906074,87.13292983635957,6.724949562878278
85,2007-02-01,4907,309,104,114,91,12,4392,300,1603,320,529,461,254,245,760,312,6.163973668461999,0.23937761819269898,5.9844404548174746,87.61220825852783,6.2238180730101735
86,2007-03-01,5263,329,113,121,95,13,4714,316,1681,357,579,551,258,254,804,329,6.124348473566641,0.24199553239017124,5.88235294117647,87.75130305286672,6.124348473566641
87,2007-04-01,5484,351,123,128,100,13,4912,321,1773,359,553,601,265,265,851,334,6.271216723244595,0.23226728604609612,5.7352152939074506,87.76130069680185,5.967482579953547
88,2007-05-01,5568,362,124,131,107,13,4983,330,1818,374,547,580,254,274,888,343,6.3642756680731365,0.22855133614627285,5.80168776371308,87.60548523206751,6.030239099859354
89,2007-06-01,5707,378,131,136,111,13,5102,336,1884,378,554,577,259,278,917,349,6.484817292846114,0.2230228169497341,5.764282038085435,87.52787785211872,5.98730485503517
90,2007-07-01,5693,396,136,142,118,12,5070,341,1844,371,558,558,258,287,933,353,6.805293005671078,0.20622100017185083,5.8601134215500945,87.12837257260698,6.066334421721945
91,2007-08-01,5791,407,143,146,118,11,5156,344,1863,386,585,555,265,295,951,355,6.877323420074349,0.18587360594795538,5.812774586008787,87.1240283879689,5.998648191956742
92,2007-09-01,5848,418,144,150,124,14,5195,349,1850,382,591,564,270,299,987,363,6.994645247657296,0.23427041499330656,5.840026773761713,86.93105756358769,6.07429718875502
93,2007-10-01,6027,435,146,153,136,14,5349,355,1887,389,613,604,270,299,1017,369,7.069722086786934,0.22753128555176336,5.769543312205428,86.93320331545587,5.997074597757192
94,2007-11-01,6030,463,155,163,145,14,5325,361,1849,465,527,604,268,291,1035,375,7.512575044621126,0.22716209638163234,5.857536913840662,86.40272594515658,6.084699010222295
95,2007-12-01,5956,491,171,174,146,15,5230,358,1803,463,490,605,261,283,1041,373,8.057105349524123,0.2461437479488021,5.874630784378077,85.822120118149,6.1207745323268785
96,2008-01-01,5953,506,178,177,151,15,5215,360,1828,463,485,599,234,279,1039,375,8.300524934383201,0.24606299212598426,5.905511811023622,85.5479002624672,6.1515748031496065
97,2008-02-01,6317,539,188,189,162,16,5551,358,1720,404,484,609,230,278,1053,374,8.338490099009901,0.24752475247524752,5.538366336633663,85.8756188118812,5.785891089108911
98,2008-03-01,6378,560,188,205,167,17,5591,358,1665,373,439,396,222,275,1071,375,8.58106037388906,0.2604964756359179,5.4857493104505055,85.67269384002452,5.746245786086424
99,2008-04-01,6339,578,192,213,173,17,5530,366,1597,361,381,385,209,264,1075,383,8.904637189955322,0.2619010938222154,5.638576490525343,85.19488522569712,5.900477584347558
100,2008-05-01,6328,606,202,224,180,18,5492,371,1567,353,365,270,151,250,1056,389,9.341760443964853,0.27747803298905505,5.719130568829968,84.66163095421612,5.996608601819023
101,2008-06-01,6301,638,211,242,185,18,5445,366,1540,348,348,241,142,228,1064,384,9.865470852017937,0.27833616823875057,5.659502087521262,84.19669089222205,5.9378382557600125
102,2008-07-01,6336,657,222,245,190,19,5466,362,1568,347,343,228,128,218,1074,381,10.101476014760149,0.2921279212792128,5.565805658056581,84.04059040590406,5.857933579335793
103,2008-08-01,6395,763,259,256,248,19,5427,362,1557,335,311,231,128,203,1087,381,11.611626845229036,0.28914929234515296,5.509054938365546,82.59016892406026,5.798204230710699
104,2008-09-01,6410,805,270,279,256,18,5403,368,1534,326,303,226,133,200,1107,386,12.208067940552016,0.27297543221110104,5.580831058538065,81.93812556869882,5.853806490749166
105,2008-10-01,6542,964,298,327,339,17,5375,382,1522,326,281,226,135,192,1131,399,14.306915998812705,0.25230038587117837,5.669338082517068,79.77144553279905,5.921638468388245
106,2008-11-01,6897,1313,333,362,618,16,5385,384,1565,313,273,225,136,182,1156,400,18.4981684981685,0.22541561003099464,5.409974640743871,75.86644125105664,5.635390250774866
107,2008-12-01,6808,1470,374,378,718,18,5140,386,1561,199,188,207,134,171,1168,404,20.958083832335326,0.2566295979469632,5.503279155973767,73.28200741374394,5.75990875392073
108,2009-01-01,6872,1578,415,391,772,20,5094,390,1584,189,165,172,125,171,1191,410,22.281841287771815,0.2824060999717594,5.506918949449308,71.92883366280711,5.789325049421067
109,2009-02-01,7289,2052,442,437,1173,22,5036,394,1596,201,174,179,126,169,1209,416,27.345415778251596,0.2931769722814499,5.250533049040511,67.11087420042644,5.543710021321962
110,2009-03-01,7065,2296,474,514,1308,20,4575,393,1621,205,175,187,127,178,1232,413,31.521142229544207,0.2745744096650192,5.395387149917628,62.808896210873144,5.669961559582647
111,2009-04-01,7207,2544,495,602,1447,21,4474,390,1664,213,185,199,125,173,1237,411,34.24417822048728,0.2826759994615695,5.24969713285772,60.223448647193436,5.532373132319289
112,2009-05-01,7055,2711,533,630,1548,21,4149,394,1682,224,181,182,118,171,1255,415,37.264604810996566,0.28865979381443296,5.4158075601374565,57.03092783505155,5.70446735395189
113,2009-06-01,6947,2759,553,640,1566,22,3995,390,1685,221,186,178,114,171,1262,412,38.50125593078426,0.30700530281886684,5.442366731789003,55.749372034607866,5.7493720346078705
114,2009-07-01,6912,2814,552,652,1610,21,3911,388,1639,218,198,178,115,176,1280,409,39.44491169049621,0.2943650126156434,5.43874404261284,54.8219792542753,5.733109055228483
115,2009-08-01,6828,2798,519,667,1612,21,3843,383,1604,211,193,176,116,181,1279,404,39.71611071682044,0.29808374733853793,5.436479772888574,54.54932576295245,5.734563520227112
116,2009-09-01,6950,2965,529,725,1711,20,3798,384,1554,227,207,173,119,184,1264,404,41.37016882935677,0.27905678805636946,5.357890330682294,52.99288405190457,5.6369471187386635
117,2009-10-01,7342,3351,549,861,1941,23,3811,388,1520,237,219,184,119,185,1286,411,44.24930674765615,0.3037105506404331,5.123464941238611,50.32351776046481,5.427175491879044
118,2009-11-01,7528,3580,565,910,2105,24,3762,397,1448,230,221,197,122,185,1305,421,46.116192193739536,0.3091588303490918,5.114002318691227,48.460646657220146,5.42316114904032
119,2009-12-01,7406,3504,565,898,2041,24,3724,391,1426,221,214,184,123,199,1311,415,45.84587203977496,0.3140128221902394,5.1157922281826504,48.724322909852155,5.42980505037289
120,2010-01-01,7414,3550,574,898,2078,22,3690,390,1401,220,210,181,126,208,1297,412,46.393099843178256,0.2875065342394145,5.0967067433350755,48.222686879247256,5.38421327757449
121,2010-02-01,7991,4089,586,956,2547,21,3737,387,1394,220,221,195,134,209,1316,408,49.65994656303133,0.2550400777264999,4.700024289531212,45.384989069710954,4.9550643672577115
122,2010-03-01,8346,4416,640,1021,2755,24,3756,400,1370,227,230,202,140,216,1328,424,51.37273150302466,0.2791996277338297,4.653327128897161,43.69474174034435,4.932526756630992
123,2010-04-01,8226,4282,668,1029,2585,26,3764,409,1358,220,225,209,141,226,1345,435,50.48932908855088,0.306567621742719,4.822544511260465,44.38155877844594,5.129112133003184
124,2010-05-01,8151,4147,697,949,2501,27,3818,413,1402,217,237,196,141,234,1354,440,49.339678762641284,0.32123735871505055,4.913741820345033,45.42534205829863,5.234979179060083
125,2010-06-01,8376,4289,743,949,2597,30,3897,426,1459,214,236,198,145,244,1366,456,49.62971534367044,0.34714186530895624,4.929414487387178,45.09372830363342,5.276556352696135
126,2010-07-01,8516,4353,782,943,2628,31,3970,432,1547,219,224,199,151,256,1340,463,49.54473025267471,0.3528340541770999,4.916913271113135,45.185522422035056,5.2697473252902345
127,2010-08-01,8657,4362,818,941,2603,30,4097,434,1606,231,230,214,156,257,1368,464,48.88490418020845,0.33620979491202513,4.86383503306063,45.915050991818894,5.200044827972655
128,2010-09-01,8879,4427,846,946,2635,32,4252,439,1684,230,232,227,163,264,1418,471,48.38251366120219,0.34972677595628415,4.797814207650273,46.46994535519126,5.147540983606557
129,2010-10-01,9388,4791,899,1036,2856,33,4397,446,1757,228,221,253,168,272,1463,479,49.56035998758664,0.3413675390503776,4.613634012620254,45.48463846074273,4.955001551670632
130,2010-11-01,9890,5091,947,1043,3101,34,4600,447,1845,241,236,277,182,278,1507,481,50.04915454187967,0.33425088478175385,4.394416044042469,45.22217852929611,4.728666928824223
131,2010-12-01,9913,4951,1048,1010,2893,36,4761,445,1920,278,243,286,183,279,1540,481,48.572549789070926,0.3531835573432748,4.365741194937702,46.70852545864809,4.718924752280977
132,2011-01-01,9802,4742,1076,904,2762,37,4854,444,1972,286,244,273,186,280,1582,481,47.05765604842711,0.3671727696735139,4.406073236082167,48.16909794581721,4.773246005755681
133,2011-02-01,10017,4831,1129,970,2732,39,4978,449,2041,284,253,281,198,285,1606,488,46.91657764397397,0.3787510925512285,4.3604933475769645,48.34417791589784,4.739244440128193
134,2011-03-01,10704,5391,1134,1111,3146,44,5102,453,2109,279,251,311,207,287,1629,497,49.05368516833485,0.40036396724294815,4.121929026387625,46.42402183803458,4.522292993630573
135,2011-04-01,10531,5153,1151,1140,2862,42,5163,450,2152,282,257,301,209,289,1645,492,47.67764618800888,0.38860103626943004,4.16358253145818,47.77017024426351,4.552183567727609
136,2011-05-01,10522,5157,1181,1154,2822,47,5157,444,2152,287,247,299,209,289,1649,491,47.727903748264694,0.4349838037945396,4.109208699676076,47.727903748264694,4.544192503470615
137,2011-06-01,10464,5031,1176,1151,2704,49,5217,456,2162,297,249,298,212,294,1680,505,46.786943178647824,0.45568678508323257,4.24067702036641,48.51669301590254,4.696363805449642
138,2011-07-01,10502,5078,1207,1133,2738,49,5213,448,2145,289,256,308,204,295,1691,497,47.07081942899518,0.4542083796811272,4.1527623285131625,48.322209862810524,4.606970708194289
139,2011-08-01,10494,5055,1190,1158,2707,54,5233,446,2159,278,249,310,210,303,1698,500,46.85761957730812,0.5005561735261401,4.134223210975158,48.507601038190586,4.6347793845012975
140,2011-09-01,10684,5221,1195,1211,2815,54,5258,450,2159,277,255,302,216,311,1712,504,47.53710279522899,0.49166894291177277,4.09724119093144,47.8739870709278,4.588910133843212
141,2011-10-01,10965,5478,1202,1299,2977,55,5283,453,2170,275,259,303,218,317,1718,508,48.61123435974798,0.48806460200550184,4.019877540154406,46.88082349809211,4.507942142159908
142,2011-11-01,11330,5846,1244,1319,3283,55,5282,445,2169,270,262,299,213,320,1725,500,50.275197798417615,0.4729962160302717,3.826969384244926,45.42483660130719,4.299965600275198
143,2011-12-01,11137,5727,1250,1290,3187,56,5211,445,2151,248,256,292,219,310,1712,501,50.06556517178075,0.4895532826296005,3.890200192324504,45.554681353265146,4.3797534749541045
144,2012-01-01,10877,5470,1280,1199,2991,60,5208,443,2181,238,269,271,215,312,1694,503,48.92227886593328,0.5366246310705661,3.9620785260710134,46.579017976925144,4.49870315714158
145,2012-02-01,11634,6165,1242,1367,3556,62,5263,451,2177,239,272,271,230,318,1729,513,51.62884180554392,0.5192194958546186,3.776903106942467,44.07503559165899,4.296122602797086
146,2012-03-01,11986,6447,1276,1505,3666,66,5325,458,2183,236,265,298,232,326,1759,524,52.431685100845804,0.5367599219258296,3.7247885491216657,43.306766428106705,4.261548471047496
147,2012-04-01,11959,6348,1295,1533,3520,65,5400,458,2195,238,269,322,240,321,1789,523,51.7317252057697,0.5297041805883791,3.732377149376579,44.006193464265344,4.262081329964959
148,2012-05-01,11785,6112,1400,1393,3319,69,5467,464,2233,226,278,313,233,337,1821,533,50.46235138705416,0.5696829590488771,3.830911492734478,45.13705416116248,4.4005944517833555
149,2012-06-01,11760,6005,1423,1248,3334,68,5556,464,2270,228,308,316,229,339,1840,532,49.65682626312743,0.5623087736707186,3.8369304556354913,45.94393450756636,4.39923922930621
150,2012-07-01,11793,5984,1429,1225,3330,68,5611,471,2332,225,305,305,226,329,1860,539,49.31597164990934,0.5604087687489698,3.8816548541288944,46.24196472721279,4.442063622877864
151,2012-08-01,11955,6087,1452,1215,3420,65,5665,479,2362,242,301,308,222,331,1877,544,49.5039037085231,0.5286271958360442,3.8955757970071567,46.071893298633704,4.424202992843201
152,2012-09-01,12077,6200,1460,1236,3504,63,5672,490,2332,233,314,308,235,331,1898,553,49.899396378269614,0.5070422535211268,3.943661971830986,45.64989939637827,4.450704225352112
153,2012-10-01,12529,6672,1505,1320,3847,64,5657,489,2328,239,324,314,231,324,1874,553,51.793199813693526,0.4968172643999379,3.7959944108057755,43.91398851110076,4.292811675205713
154,2012-11-01,12499,6569,1488,1337,3744,67,5721,497,2379,247,336,316,235,315,1871,564,51.10471448576319,0.5212385249727711,3.866500700171153,44.50754628909289,4.387739225143924
155,2012-12-01,12390,6392,1513,1250,3629,68,5792,496,2434,261,336,318,234,325,1859,564,50.14119861939128,0.5334170065892689,3.8908064010040793,45.43457797301538,4.424223407593348
156,2013-01-01,12111,6139,1475,1187,3477,67,5765,496,2438,261,335,295,231,328,1855,563,49.24199887703538,0.537418785593968,3.9785032485762413,46.24207908879442,4.515922034170209
157,2013-02-01,12355,6316,1474,1312,3530,66,5829,500,2481,267,349,301,246,336,1827,566,49.68924553536307,0.519235308000944,3.93360081818897,45.857918338447014,4.452836126189914
158,2013-03-01,12775,6541,1472,1452,3617,62,6017,515,2589,280,352,341,250,349,1834,577,49.79824895317853,0.47202131709173967,3.9208222306813854,45.808907499048345,4.392843547773126
159,2013-04-01,12752,6519,1445,1420,3654,65,6013,514,2562,288,355,359,244,348,1833,579,49.72160781023568,0.4957669132789261,3.920372206544123,45.862253069941275,4.4161391198230495
160,2013-05-01,12522,6240,1438,1295,3507,63,6055,510,2623,310,358,337,239,339,1825,573,48.49238420889027,0.4895865713397575,3.9633198632266087,47.05470935654336,4.4529064345663665
161,2013-06-01,12424,6083,1443,1231,3409,65,6115,512,2671,323,356,333,240,348,1820,577,47.61643835616438,0.5088062622309198,4.007827788649706,47.86692759295499,4.516634050880626
162,2013-07-01,12420,6082,1484,1213,3385,64,6112,507,2665,337,361,314,227,355,1830,571,47.645906776341555,0.5013709361535448,3.9717978848413633,47.88092440266353,4.473168820994908
163,2013-08-01,12389,6008,1468,1223,3317,65,6160,492,2711,343,352,314,222,359,1834,557,47.214145383104125,0.5108055009823183,3.8664047151277012,48.40864440078585,4.3772102161100195
164,2013-09-01,12687,6222,1493,1259,3470,65,6245,497,2784,344,356,322,221,350,1842,562,47.75500805894543,0.49888709801212683,3.814567503261954,47.93153733978049,4.313454601274081
165,2013-10-01,13380,6873,1559,1384,3930,65,6286,505,2802,340,359,336,224,351,1848,570,50.06191273945662,0.4734503605506592,3.6783451088935832,45.78629179109913,4.1517954694442425
166,2013-11-01,13483,6915,1594,1376,3945,66,6343,511,2822,333,360,365,227,361,1849,577,49.98192988796531,0.47705095771593786,3.693530899891579,45.84748825442718,4.170581857607517
167,2013-12-01,13511,6939,1606,1351,3982,69,6350,502,2838,333,356,365,227,364,1843,571,50.06493506493507,0.49783549783549785,3.6219336219336222,45.81529581529581,4.11976911976912
168,2014-01-01,13080,6589,1596,1289,3704,67,6273,495,2811,333,339,361,223,358,1824,562,49.083730631704405,0.49910607866507745,3.687425506555423,46.72973778307509,4.186531585220501
169,2014-02-01,13367,6815,1548,1453,3814,72,6337,502,2833,333,333,384,225,363,1842,574,49.65029870319103,0.5245519452134635,3.657292729127204,46.16785662246831,4.181844674340667
170,2014-03-01,13470,6975,1568,1511,3896,73,6287,503,2771,323,333,404,223,350,1859,576,50.40468275762393,0.527532880474057,3.6349183408006933,45.43286602110131,4.162451221274751
171,2014-04-01,13447,6841,1583,1455,3803,67,6397,500,2852,332,353,411,222,350,1853,567,49.55450923578414,0.48533140166606303,3.6218761318362915,46.338283230713515,4.107207533502354
172,2014-05-01,13091,6477,1528,1341,3608,70,6410,496,2866,345,361,379,210,350,1875,566,48.1453950791645,0.5203300379097598,3.6869099829034413,47.647364900022296,4.2072400208132015
173,2014-06-01,12802,6399,1527,1281,3591,67,6210,489,2776,346,335,354,193,339,1844,556,48.60615267755412,0.5089251804025826,3.714394227117357,47.17052791492594,4.223319407519939
174,2014-07-01,12636,6355,1503,1242,3610,63,6083,489,2724,344,321,335,189,331,1814,552,48.922247882986916,0.48498845265588914,3.7644341801385677,46.82832948421863,4.249422632794457
175,2014-08-01,12352,6246,1440,1249,3557,64,5912,485,2623,324,315,322,186,328,1794,549,49.15400960100732,0.5036594003305265,3.816793893129771,46.525537105532386,4.3204532934602975
176,2014-09-01,12269,6255,1418,1295,3542,70,5816,490,2559,331,306,322,183,324,1771,560,49.52101971340353,0.5541920671364104,3.879344469954873,46.04544374950519,4.433536537091284
177,2014-10-01,12521,6551,1377,1398,3776,81,5765,498,2496,327,301,337,187,325,1774,579,50.80263668088406,0.6281504459092672,3.8619620007754945,44.707250872431175,4.490112446684762
178,2014-11-01,12578,6627,1365,1413,3849,101,5721,507,2461,326,308,334,191,323,1761,608,51.150046310589694,0.7795615930842853,3.913244828650818,44.15714726767521,4.692806421735103
179,2014-12-01,12241,6273,1308,1332,3633,112,5730,501,2472,324,318,313,202,320,1762,613,49.722574508560555,0.8877615726062142,3.9711477488902984,45.41851616994293,4.858909321496512
180,2015-01-01,12049,6103,1329,1278,3496,131,5703,506,2510,312,304,288,201,314,1757,637,49.0476573173672,1.0528007715181227,4.066543438077634,45.83299847303705,5.119344209595757
181,2015-02-01,12422,6453,1381,1364,3708,176,5705,503,2499,313,328,301,201,306,1740,679,50.26875438186492,1.371036846615253,3.9183609877697285,44.4418477837501,5.289397834384981
182,2015-03-01,12308,6313,1365,1361,3587,230,5694,506,2482,317,327,322,197,311,1721,736,49.540924429098325,1.8049125009809306,3.970807502158048,44.683355567762696,5.775720003138978
183,2015-04-01,12565,6625,1400,1395,3830,277,5617,517,2448,302,309,337,200,305,1700,794,50.820803927585146,2.1248849340288434,3.965940472537588,43.088370665848416,6.090825406566432
184,2015-05-01,12180,6359,1408,1265,3686,303,5486,509,2403,303,295,310,190,291,1679,812,50.24097337441732,2.393932211424508,4.0214900845382004,43.34360432961997,6.415422295962708
185,2015-06-01,11969,6270,1388,1240,3642,328,5350,501,2386,289,283,296,183,274,1623,829,50.36549120411278,2.6347497790987227,4.024419632098964,42.97533938468953,6.659169411197687
186,2015-07-01,11914,6329,1388,1257,3684,346,5228,500,2303,271,293,290,173,266,1617,846,51.02797710231396,2.7896476658872853,4.031282754172378,42.15109247762638,6.820930420059663
187,2015-08-01,12089,6395,1405,1269,3721,377,5316,510,2345,278,294,309,179,274,1615,887,50.762025718368,2.9925384981743135,4.048261628829973,42.19717415462772,7.040800127004286
188,2015-09-01,12406,6632,1455,1302,3875,409,5379,502,2381,286,306,313,183,277,1611,911,51.32332456276119,3.165144714440489,3.8848475468193775,41.626683175978954,7.0499922612598676
189,2015-10-01,13165,7226,1439,1524,4263,463,5520,513,2466,293,316,335,188,280,1621,976,52.65996210464947,3.374143710829325,3.738522081329252,40.227372103191954,7.112665792158578
190,2015-11-01,13445,7503,1467,1568,4468,483,5519,510,2459,298,318,339,192,280,1613,993,53.53549768105601,3.446307527648947,3.6389582590082057,39.37923653228684,7.085265786657153
191,2015-12-01,13264,7471,1498,1527,4446,499,5367,504,2344,302,322,328,196,279,1577,1003,53.97731377790622,3.60523083592226,3.641355393396431,38.77609999277509,7.246586229318691
192,2016-01-01,13026,7261,1484,1423,4354,508,5336,489,2346,302,305,314,198,282,1571,997,53.41327056054141,3.736942768868619,3.59717522436369,39.252611446226275,7.334117993232309
193,2016-02-01,13088,7360,1450,1507,4403,522,5293,484,2300,309,305,318,202,286,1555,1006,53.8838860824365,3.821656050955414,3.5434512043341386,38.75100666227396,7.365107255289553
194,2016-03-01,13085,7331,1432,1632,4267,532,5313,484,2285,302,290,338,207,294,1579,1016,53.66764275256223,3.8945827232796484,3.543191800878477,38.89458272327965,7.437774524158127
195,2016-04-01,13198,7398,1375,1668,4355,518,5360,480,2315,300,317,342,199,310,1559,998,53.780168653678395,3.765629543471939,3.4893864495492872,38.96481535330038,7.255015993021227
196,2016-05-01,13225,7355,1399,1561,4395,514,5435,476,2365,309,331,330,200,310,1572,990,53.3744557329463,3.730043541364296,3.4542815674891147,39.44121915820029,7.184325108853411
197,2016-06-01,13248,7266,1433,1496,4337,529,5526,477,2472,286,329,321,198,298,1605,1006,52.65980576895202,3.8338889694158573,3.457022756921293,40.049282504710824,7.29091172633715
198,2016-07-01,13491,7247,1480,1447,4320,546,5770,481,2666,309,337,314,192,291,1644,1027,51.60210766163487,3.8877812589005982,3.4249501566505267,41.08516092281401,7.312731415551125
199,2016-08-01,13730,7492,1454,1495,4543,551,5758,474,2677,307,323,310,197,292,1641,1025,52.48336252189142,3.859894921190893,3.3204903677758315,40.33625218914186,7.180385288966725
200,2016-09-01,14238,7896,1510,1594,4792,565,5863,468,2741,314,335,309,212,289,1652,1033,53.38020551649541,3.819632233639805,3.1638723634396975,39.6362898864251,6.983504597079502
201,2016-10-01,14944,8515,1576,1774,5165,557,5966,449,2797,311,342,337,218,292,1657,1006,54.98159746884483,3.596564860851036,2.899205785497514,38.522631884806614,6.49577064634855
202,2016-11-01,15149,8568,1618,1773,5177,565,6111,449,2871,304,351,358,230,299,1687,1014,54.597591282737525,3.6003313579302874,2.8611482826738035,38.94092907665838,6.461479640604091
203,2016-12-01,15572,8765,1606,1762,5397,540,6342,451,3043,312,380,346,238,305,1706,991,54.447757485401915,3.3544539694371975,2.801590259659585,39.396198285501306,6.156044229096782
204,2017-01-01,15318,8464,1604,1619,5241,514,6396,441,3086,324,367,348,234,318,1708,955,53.518811255137535,3.2500790388871326,2.7884919380335127,40.44261776794183,6.038570976920645
205,2017-02-01,15593,8533,1610,1712,5211,493,6611,437,3207,341,387,360,241,326,1738,930,53.08572850566131,3.067064825183526,2.7186761229314422,41.128530546223715,5.785740948114968
206,2017-03-01,15986,8764,1617,1815,5332,466,6799,435,3322,334,414,398,254,325,1741,901,53.2312925170068,2.8304178814382897,2.642128279883382,41.296161321671526,5.472546161321672
207,2017-04-01,16131,8855,1711,1860,5284,443,6866,442,3365,343,413,415,254,315,1751,885,53.32409972299169,2.6677104660965916,2.661688546308563,41.346501264603155,5.329399012405155
208,2017-05-01,15823,8574,1681,1795,5098,396,6863,439,3358,352,425,414,257,312,1734,835,52.69174041297935,2.433628318584071,2.6978859390363814,42.1767453294002,5.131514257620452
209,2017-06-01,15842,8637,1687,1790,5160,366,6841,445,3390,355,414,406,250,312,1703,811,53.02351280004911,2.2469150960771076,2.7319049665418382,41.99766713733194,4.978820062618945
210,2017-07-01,15879,8711,1691,1770,5250,338,6818,443,3362,356,423,392,248,309,1717,781,53.408951563458,2.0723482526057633,2.716125076640098,41.802575107296136,4.788473329245861
211,2017-08-01,15946,8683,1713,1798,5172,314,6924,440,3436,352,415,387,245,315,1761,754,53.07132815842552,1.9191980930260988,2.689322168571603,42.32015157997677,4.608520261597702
212,2017-09-01,16502,9130,1715,1887,5528,288,7056,426,3503,345,424,425,251,321,1774,714,54.023668639053255,1.7041420118343193,2.5207100591715976,41.75147928994083,4.224852071005917
213,2017-10-01,16875,9467,1756,2026,5685,264,7110,422,3501,345,431,445,255,325,1796,686,54.83983085211145,1.5292822800208539,2.444534553669698,41.186352314198,3.9738168336905524
214,2017-11-01,16911,9478,1769,1996,5713,236,7146,417,3496,361,425,474,262,320,1796,653,54.85906117960294,1.3659778896799213,2.413613474561556,41.361347456155585,3.779591364241477
215,2017-12-01,16617,9213,1800,1963,5450,233,7128,412,3477,366,449,450,265,322,1787,645,54.23878488166726,1.3717178853173202,2.425526904509596,41.96397032850583,3.797244789826916
216,2018-01-01,16178,8762,1787,1864,5111,230,7142,406,3483,370,450,426,266,324,1809,636,52.97460701330109,1.3905683192261185,2.4546553808948004,43.18016928657799,3.8452237001209193
217,2018-02-01,16424,8979,1789,1921,5269,225,7175,398,3501,356,452,428,269,325,1830,623,53.51969958872266,1.3411217738570662,2.372295404422722,42.76688323299756,3.7134171782797876
218,2018-03-01,16362,8906,1831,1920,5155,221,7191,393,3479,369,445,447,266,325,1845,614,53.29423732870564,1.3224821973550356,2.3517443600023937,43.03153611393693,3.6742265573574295
219,2018-04-01,16108,8676,1834,1799,5043,216,7172,377,3472,380,423,442,272,323,1845,593,52.7705127425339,1.3137886989842467,2.2930478681345416,43.62265069034731,3.6068365671187883
220,2018-05-01,16116,8657,1846,1726,5085,212,7198,381,3516,380,423,418,269,335,1844,593,52.63253891050583,1.2889105058365757,2.3163910505836576,43.76215953307393,3.6053015564202333
221,2018-06-01,16025,8691,1879,1683,5129,208,7082,379,3497,372,401,389,254,342,1815,587,53.12347188264058,1.2713936430317847,2.3166259168704157,43.28850855745721,3.5880195599022002
222,2018-07-01,15911,8592,1903,1660,5029,201,7077,383,3507,363,396,387,256,347,1809,584,52.86408663016059,1.2366947640435613,2.356488032978527,43.54273057281733,3.5931827970220884
223,2018-08-01,16319,8949,1880,1848,5221,197,7133,374,3541,376,407,393,261,351,1789,571,53.73806521347505,1.182970035429052,2.2458415901038853,42.83312316099202,3.428811625532937
224,2018-09-01,16618,9178,1873,2011,5294,191,7203,377,3531,374,417,415,273,366,1812,568,54.15068735618621,1.1269101421912797,2.22432001888017,42.49808248274235,3.351230161071449
225,2018-10-01,16753,9294,1786,2032,5476,196,7215,376,3568,372,387,424,271,374,1802,572,54.411334231016916,1.1474738012996897,2.2012762718810372,42.23991569580235,3.348750073180727
226,2018-11-01,17288,9799,1861,2277,5661,194,7248,368,3575,370,391,433,284,374,1804,562,55.64768016355273,1.1017093531716735,2.0898404225112155,41.160770060764385,3.1915497756828892
227,2018-12-01,17011,9538,1839,2226,5473,197,7233,362,3609,369,398,399,282,370,1789,559,55.03750721292556,1.1367570686670514,2.0888632429313327,41.736872475476055,3.2256203115983846
228,2019-01-01,16690,9303,1834,2078,5391,195,7145,358,3605,359,371,374,269,376,1767,553,54.72031056996647,1.146991353449797,2.105758484795012,42.02693959178872,3.252749838244809
229,2019-02-01,16945,9499,1869,2133,5497,194,7205,354,3631,357,376,385,274,383,1774,548,55.060282865754694,1.1245073035010433,2.0519360074194295,41.76327382332483,3.176443310920473
230,2019-03-01,17128,9633,1861,2164,5608,191,7251,350,3645,354,384,396,287,393,1768,541,55.28263988522239,1.096126255380201,2.008608321377331,41.61262553802009,3.1047345767575325
231,2019-04-01,17403,9785,1857,2218,5710,188,7374,350,3714,348,392,403,291,407,1795,538,55.29185737695654,1.0623269480702944,1.977736339492569,41.66807933548059,3.0400632875628637
232,2019-05-01,17377,9825,1818,2179,5828,177,7311,339,3706,343,389,376,287,406,1780,516,55.65941536369816,1.0027192386131882,1.920462270564242,41.4174031271244,2.9231815091774305
233,2019-06-01,17348,9697,1841,2103,5753,175,7409,345,3762,362,403,368,281,407,1802,520,55.015318279813904,0.9928514694201748,1.957335753999773,42.034494496766136,2.950187223419948
234,2019-07-01,17328,9726,1879,2089,5758,180,7358,337,3752,358,402,378,274,395,1776,517,55.25822396454747,1.0226691665246292,1.9146639395488891,41.80444292937901,2.9373331060735186
235,2019-08-01,17099,9570,1895,2049,5626,177,7282,338,3724,354,398,379,274,395,1739,515,55.104508550699606,1.0191742960787702,1.9462198422295156,41.93009731099211,2.9653941383082856
236,2019-09-01,17089,9597,1887,2139,5571,188,7238,341,3678,358,398,377,281,397,1730,529,55.26952315134761,1.0826998387468325,1.9638332181524993,41.68394379175305,3.046533056899332
237,2019-10-01,17268,9783,1922,2216,5645,188,7236,335,3660,361,404,386,286,407,1713,523,55.76901151522061,1.071713601641774,1.9097024284574164,41.24957245468019,2.9814160300991905
238,2019-11-01,17439,9860,1940,2160,5760,183,7329,336,3709,379,428,378,285,419,1712,519,55.681048113846856,1.0334312175288005,1.897447481364355,41.38807318725999,2.9308786988931557
239,2019-12-01,17243,9732,1966,2030,5736,183,7262,336,3683,374,426,356,282,425,1697,519,55.570147890138756,1.0449380460229543,1.9185747730257523,41.466339290812535,2.963512819048707
240,2020-01-01,16579,9118,1952,1816,5350,183,7216,331,3738,362,396,336,271,427,1673,514,54.11918328584995,1.0861823361823362,1.9646248812915479,42.83000949667616,3.050807217473884
241,2020-02-01,16843,9493,1921,1933,5639,177,7115,329,3642,368,398,338,279,420,1658,506,55.4692064976043,1.0342409723033774,1.9224027112305715,41.57414981886175,2.9566436835339487
242,2020-03-01,16841,9445,1861,2019,5565,182,7155,337,3614,378,401,366,294,419,1670,519,55.1726152228518,1.0631462118114376,1.9685729306618376,41.795665634674926,3.0317191424732752
243,2020-04-01,17251,9770,1992,2084,5694,181,7246,335,3647,376,411,402,302,417,1679,516,55.72667122975131,1.032397900981063,1.9107916951859458,41.33013917408168,2.943189596167009
244,2020-05-01,17830,10081,2284,2071,5726,194,7516,339,3813,416,449,405,304,402,1713,533,55.60397131825703,1.0700496414782128,1.8698290126861554,41.456150027578595,2.939878654164368
245,2020-06-01,18108,10135,2661,2006,5468,197,7746,324,3989,451,475,409,298,414,1696,521,55.075535267905664,1.070535811324856,1.7606781871535704,42.09325073361591,2.831213998478426
246,2020-07-01,18810,10447,2908,1996,5543,199,8127,330,4245,488,497,413,296,438,1736,529,54.687745380306765,1.041721195623724,1.7274773595770299,42.54305606449249,2.769198555200754
247,2020-08-01,18883,10348,2952,1947,5449,212,8289,325,4322,500,498,421,306,458,1747,537,53.96891624074267,1.1056639198915197,1.6950036507770943,43.23041618858872,2.800667570668614
248,2020-09-01,19534,10794,3098,2106,5590,207,8497,324,4440,528,511,461,341,468,1711,531,54.45464635253758,1.044294218545051,1.634547472505297,42.86651195641207,2.678841691050348
249,2020-10-01,20199,11206,3283,2202,5721,210,8745,326,4514,543,524,550,377,495,1707,536,54.69810123492947,1.0250402694391565,1.5912529897007859,42.68560550593059,2.616293259139942
250,2020-11-01,21079,11830,3479,2342,6009,210,8998,331,4636,558,563,587,397,509,1712,541,55.360569048621834,0.9827319949459499,1.548972811081473,42.107726145350746,2.531704806027423
251,2020-12-01,21718,12252,3688,2340,6224,212,9219,324,4741,574,610,611,408,527,1711,536,55.6731948925342,0.9633298495933112,1.4722588267369474,41.89121643113555,2.4355886763302586
252,2021-01-01,21878,12285,3847,2242,6196,217,9347,313,4830,595,603,607,420,546,1707,530,55.432722678458624,0.9791535060012634,1.4123274072737118,42.1757964082664,2.3914809132749753
253,2021-02-01,22735,12753,4024,2390,6339,221,9730,308,5011,614,659,649,484,579,1695,529,55.418911872066744,0.9603685033895359,1.338432122370937,42.28228750217278,2.2988006257604727
254,2021-03-01,23468,13171,4145,2509,6517,225,10050,295,5133,610,700,733,538,613,1685,520,55.47786529632282,0.9477275599174424,1.24257613411398,42.33183100964576,2.190303694031422
255,2021-04-01,23758,13255,4149,2546,6560,230,10254,290,5197,631,740,780,562,635,1671,520,55.1625119647093,0.9571767447667402,1.2068750260102377,42.67343626451371,2.164051770776978
256,2021-05-01,23379,12925,4072,2541,6312,236,10202,279,5176,606,739,785,561,666,1633,515,54.66965569748752,0.9982235005498689,1.1801032061585315,43.152017595804075,2.1783267067084005
257,2021-06-01,23072,12797,3995,2473,6329,268,10003,276,5034,583,723,792,563,674,1597,544,54.81922549691569,1.1480466072652502,1.1823166552433173,42.85041124057574,2.3303632625085675
258,2021-07-01,22587,12540,3963,2407,6170,322,9738,276,4868,565,704,767,561,672,1564,598,54.81727574750831,1.4075887392900857,1.2065046336772163,42.56863087952439,2.614093372967302
259,2021-08-01,22616,12579,3886,2475,6218,377,9698,273,4858,560,728,776,573,671,1513,650,54.86544249138571,1.644349456972129,1.1907358136694726,42.299472237972694,2.8350852706416014
260,2021-09-01,23017,12944,3847,2656,6441,414,9712,273,4813,555,739,791,634,648,1512,687,55.451313027460046,1.7735509574604809,1.1695154864413315,41.605620528638134,2.943066443901812
261,2021-10-01,23463,13359,3807,2883,6669,447,9722,269,4766,556,761,846,650,632,1491,716,56.13732823465143,1.8783880321048871,1.130394587553053,40.85388914569063,3.00878261965794
262,2021-11-01,23017,12952,3584,2949,6419,490,9652,253,4682,563,770,871,658,614,1474,743,55.47607829699748,2.0987707200068533,1.0836510044117018,41.341499978583975,3.182421724418555
263,2021-12-01,23054,13058,3595,2856,6607,542,9559,255,4634,578,765,883,631,596,1452,797,55.77005210557786,2.314854360638934,1.089091996241565,40.82600153754164,3.403946356880499
264,2022-01-01,22300,12573,3604,2578,6391,565,9273,259,4577,560,715,818,584,567,1430,824,55.46096162329069,2.4922805469783857,1.1424790471989414,40.90427878253198,3.6347595941773267
265,2022-02-01,22695,11987,3348,2492,6147,601,10214,255,5111,718,1015,788,553,533,1473,856,51.988550114932565,2.606583683913779,1.105954807650605,44.29891139350306,3.7125384915643838
266,2022-03-01,21978,11288,3109,2381,5798,627,10172,248,5128,818,984,758,527,506,1429,875,50.53951197671815,2.807253190060443,1.1103648981419296,45.54286993507947,3.917618088202373
267,2022-04-01,20112,10274,2841,2186,5247,617,9331,234,4661,766,906,695,488,471,1322,851,50.224872897927256,3.016229956980837,1.1439186546734454,45.61497849041846,4.160148611654282
268,2022-05-01,18020,9034,2486,1957,4591,602,8496,219,4202,721,835,606,448,431,1231,821,49.22892485423137,3.280475178464389,1.19339545528854,46.297204512015696,4.473870633752929
269,2022-06-01,15782,7616,2105,1671,3840,555,7714,199,3821,674,782,523,381,390,1121,754,47.35140512310371,3.4506341706043275,1.2372544143247948,47.96070629196717,4.687888584929122
270,2022-07-01,14263,6849,1836,1507,3506,497,7015,180,3489,628,726,463,305,351,1031,677,47.1012997730555,3.4179217385324256,1.2378791004745202,48.242899387937555,4.655800839006946
271,2022-08-01,13024,6334,1614,1399,3321,436,6346,156,3138,587,668,416,278,313,935,592,47.72453285111513,3.285111512959614,1.1754068716094033,47.81494876431585,4.460518384569018
272,2022-09-01,11766,5692,1365,1317,3010,387,5760,142,2822,544,623,379,250,281,851,529,47.508555212419665,3.230114347717219,1.1852099156998581,48.07612052416326,4.4153242634170775
273,2022-10-01,10355,4922,1137,1168,2617,347,5157,128,2499,500,575,347,232,242,752,475,46.636346408944476,3.2878529467500472,1.2128103088876254,48.86299033541785,4.500663255637673
274,2022-11-01,8802,4158,939,1018,2201,296,4415,117,2108,454,525,287,201,190,640,413,46.271978633429775,3.2940129089695085,1.3020253728021367,49.13198308479858,4.596038281771645
275,2022-12-01,6538,2767,537,757,1473,223,3587,98,1736,385,447,207,159,140,503,321,41.453183520599254,3.340823970037453,1.4681647940074907,53.7378277153558,4.808988764044944
276,2023-01-01,4093,1165,233,332,600,152,2793,73,1402,342,395,118,87,88,359,225,27.8508247669137,3.6337556777432467,1.7451589768109015,66.77026057853216,5.378914654554148
277,2023-02-01,1576,421,68,124,229,74,1093,28,436,158,238,40,36,33,152,102,26.051980198019802,4.579207920792079,1.7326732673267329,67.63613861386139,6.311881188118812
278,2023-03-01,0,0,0,0,0,0,0,0,0,0,0,0,0,0,0,0,,,,,
279,2023-04-01,0,0,0,0,0,0,0,0,0,0,0,0,0,0,0,0,,,,,
280,2023-05-01,0,0,0,0,0,0,0,0,0,0,0,0,0,0,0,0,,,,,
281,2023-06-01,0,0,0,0,0,0,0,0,0,0,0,0,0,0,0,0,,,,,
282,2023-07-01,0,0,0,0,0,0,0,0,0,0,0,0,0,0,0,0,,,,,
283,2023-08-01,0,0,0,0,0,0,0,0,0,0,0,0,0,0,0,0,,,,,
284,2023-09-01,0,0,0,0,0,0,0,0,0,0,0,0,0,0,0,0,,,,,
285,2023-10-01,0,0,0,0,0,0,0,0,0,0,0,0,0,0,0,0,,,,,
286,2023-11-01,0,0,0,0,0,0,0,0,0,0,0,0,0,0,0,0,,,,,
287,2023-12-01,0,0,0,0,0,0,0,0,0,0,0,0,0,0,0,0,,,,,
